model,rag_type,question_id,query,mrr_at_3,hit_at_1,hit_at_3,recall_at_3,ndcg_at_3
LFM2 350M,naive,q1,Were Scott Derrickson and Ed Wood of the same nationality?,1.0,1.0,1.0,1.0,1.0
LFM2 350M,naive,q2,What government position was held by the woman who portrayed Corliss Archer in the film Kiss and Tell?,1.0,1.0,1.0,0.5,0.6131471927654584
LFM2 350M,naive,q3,"What science fantasy young adult series, told in first person, has a set of companion books narrating the stories of enslaved worlds and alien species?",1.0,1.0,1.0,0.5,0.6131471927654584
LFM2 350M,naive,q4,Are the Laleli Mosque and Esma Sultan Mansion located in the same neighborhood?,1.0,1.0,1.0,1.0,1.0
LFM2 350M,naive,q5,"The director of the romantic comedy ""Big Stone Gap"" is based in what New York city?",1.0,1.0,1.0,0.5,0.6131471927654584
LFM2 350M,naive,q6,2014 S/S is the debut album of a South Korean boy group that was formed by who?,1.0,1.0,1.0,0.5,0.6131471927654584
LFM2 350M,naive,q7,Who was known by his stage name Aladin and helped organizations improve their performance as a consultant?,1.0,1.0,1.0,0.5,0.6131471927654584
LFM2 350M,naive,q8,The arena where the Lewiston Maineiacs played their home games can seat how many people?,0.5,0.0,1.0,0.5,0.38685280723454163
LFM2 350M,naive,q9,"Who is older, Annie Morton or Terry Richardson?",0.5,0.0,1.0,1.0,0.6934264036172708
LFM2 350M,naive,q10,Are Local H and For Against both from the United States?,1.0,1.0,1.0,1.0,1.0
LFM2 350M,naive,q11,"What is the name of the fight song of the university whose main campus is in Lawrence, Kansas and whose branch campuses are in the Kansas City metropolitan area?",1.0,1.0,1.0,1.0,1.0
LFM2 350M,naive,q12,"What screenwriter with credits for ""Evolution"" co-wrote a film starring Nicolas Cage and Téa Leoni?",0.5,0.0,1.0,0.5,0.38685280723454163
LFM2 350M,naive,q13,What year did Guns N Roses perform a promo for a movie starring Arnold Schwarzenegger as a former New York Police detective?,0.0,0.0,0.0,0.0,0.0
LFM2 350M,naive,q14,Are Random House Tower and 888 7th Avenue both used for real estate?,1.0,1.0,1.0,1.0,1.0
LFM2 350M,naive,q15,The football manager who recruited David Beckham managed Manchester United during what timeframe?,0.5,0.0,1.0,0.5,0.38685280723454163
LFM2 350M,naive,q16,Brown State Fishing Lake is in a country that has a population of how many inhabitants ?,1.0,1.0,1.0,0.5,0.6131471927654584
LFM2 350M,naive,q17,The Vermont Catamounts men's soccer team currently competes in a conference that was formerly known as what from 1988 to 1996?,1.0,1.0,1.0,0.5,0.6131471927654584
LFM2 350M,naive,q18,Are Giuseppe Verdi and Ambroise Thomas both Opera composers ?,1.0,1.0,1.0,1.0,1.0
LFM2 350M,naive,q19,Roger O. Egeberg was Assistant Secretary for Health and Scientific Affairs during the administration of a president that served during what years?,1.0,1.0,1.0,0.5,0.6131471927654584
LFM2 350M,naive,q20,"Which writer was from England, Henry Roth or Robert Erskine Childers?",1.0,1.0,1.0,1.0,1.0
LFM2 350M,naive,q21,Which other Mexican Formula One race car driver has held the podium besides the Force India driver born in 1990?,1.0,1.0,1.0,1.0,1.0
LFM2 350M,naive,q22,This singer of A Rather Blustery Day also voiced what hedgehog?,1.0,1.0,1.0,1.0,1.0
LFM2 350M,naive,q23,"Aside from the Apple Remote, what other device can control the program Apple Remote was originally designed to interact with?",1.0,1.0,1.0,0.5,0.6131471927654584
LFM2 350M,naive,q24,"Which performance act has a higher instrument to person ratio, Badly Drawn Boy or Wolf Alice?",1.0,1.0,1.0,1.0,0.9197207891481876
LFM2 350M,naive,q25,What was the father of Kasper Schmeichel voted to be by the IFFHS in 1992?,1.0,1.0,1.0,1.0,1.0
LFM2 350M,naive,q26,Who was the writer of These Boots Are Made for Walkin' and who died in 2007?,1.0,1.0,1.0,0.5,0.6131471927654584
LFM2 350M,naive,q27,"The 2011–12 VCU Rams men's basketball team, led by third year head coach Shaka Smart, represented Virginia Commonwealth University which was founded in what year?",1.0,1.0,1.0,0.5,0.6131471927654584
LFM2 350M,naive,q28,"Are both Dictyosperma, and Huernia described as a genus?",1.0,1.0,1.0,1.0,1.0
LFM2 350M,naive,q29,Kaiser Ventures corporation was founded by an American industrialist who became known as the father of modern American shipbuilding?,1.0,1.0,1.0,1.0,1.0
LFM2 350M,naive,q30,"What is the name for the adventure in ""Tunnels and Trolls"", a game designed by Ken St. Andre?",1.0,1.0,1.0,1.0,0.9197207891481876
LFM2 350M,naive,q31,"When was Poison's album ""Shut Up, Make Love"" released?",1.0,1.0,1.0,1.0,1.0
LFM2 350M,naive,q32,"Hayden is a singer-songwriter from Canada, but where does Buck-Tick hail from?",1.0,1.0,1.0,1.0,1.0
LFM2 350M,naive,q33,Which  French ace pilot and adventurer fly L'Oiseau Blanc,1.0,1.0,1.0,0.5,0.6131471927654584
LFM2 350M,naive,q34,Are Freakonomics and In the Realm of the Hackers both American documentaries?,1.0,1.0,1.0,1.0,1.0
LFM2 350M,naive,q35,"Which band, Letters to Cleo or Screaming Trees, had more members?",1.0,1.0,1.0,1.0,1.0
LFM2 350M,naive,q36,Alexander Kerensky was defeated and destroyed by the Bolsheviks in the course of a civil war that ended when ?,1.0,1.0,1.0,0.5,0.6131471927654584
LFM2 350M,naive,q37,Seven Brief Lessons on Physics was written by an Italian physicist that has worked in France since what year?,1.0,1.0,1.0,0.5,0.6131471927654584
LFM2 350M,naive,q38,"The Livesey Hal War Memorial commemorates the fallen of which war, that had over 60 million casualties?",1.0,1.0,1.0,0.5,0.6131471927654584
LFM2 350M,naive,q39,Are both Elko Regional Airport and Gerald R. Ford International Airport located in Michigan?,1.0,1.0,1.0,1.0,1.0
LFM2 350M,naive,q40,Ralph Hefferline was a psychology professor at a university that is located in what city?,1.0,1.0,1.0,0.5,0.6131471927654584
LFM2 350M,naive,q41,Which dog's ancestors include Gordon and Irish Setters: the Manchester Terrier or the Scotch Collie?,1.0,1.0,1.0,1.0,0.9197207891481876
LFM2 350M,naive,q42,Where is the company that Sachin Warrier worked for as a software engineer headquartered?,1.0,1.0,1.0,0.5,0.6131471927654584
LFM2 350M,naive,q43,"A Japanese manga series based on a 16 year old high school student Ichitaka Seto, is written and illustrated by someone born in what year?",1.0,1.0,1.0,0.5,0.6131471927654584
LFM2 350M,naive,q44,The battle in which Giuseppe Arimondi lost his life secured what for Ethiopia?,1.0,1.0,1.0,1.0,1.0
LFM2 350M,naive,q45,Alfred Balk served as the secretary of the Committee on the Employment of Minority Groups in the News Media under which United States Vice President?,1.0,1.0,1.0,0.5,0.6131471927654584
LFM2 350M,naive,q46,"A medieval fortress in Dirleton, East Lothian, Scotland borders on the south side of what coastal area?",1.0,1.0,1.0,0.5,0.6131471927654584
LFM2 350M,naive,q47,Who is the writer of this song that was inspired by words on a tombstone and was the first track on the box set Back to Mono?,1.0,1.0,1.0,0.5,0.6131471927654584
LFM2 350M,naive,q48,What type of forum did a former Soviet statesman initiate?,1.0,1.0,1.0,0.5,0.6131471927654584
LFM2 350M,naive,q49,Are Ferocactus and Silene both types of plant?,1.0,1.0,1.0,1.0,1.0
LFM2 350M,naive,q50,Which British first-generation jet-powered medium bomber was used in the South West Pacific theatre of World War II?,0.5,0.0,1.0,0.5,0.38685280723454163
LFM2 350M,naive,q51,Which year and which conference was the 14th season for this conference as part of the NCAA Division that the Colorado Buffaloes played in with a record of 2-6 in conference play?,0.0,0.0,0.0,0.0,0.0
LFM2 350M,naive,q52,In 1991 Euromarché was bought by a chain that operated how any hypermarkets at the end of 2016?,1.0,1.0,1.0,1.0,1.0
LFM2 350M,naive,q53,What race track in the midwest hosts a 500 mile race eavery May?,0.5,0.0,1.0,0.5,0.38685280723454163
LFM2 350M,naive,q54,"In what city did the ""Prince of tenors"" star in a film based on an opera by Giacomo Puccini?",0.0,0.0,0.0,0.0,0.0
LFM2 350M,naive,q55,"Ellie Goulding worked with what other writers on her third studio album, Delirium?",1.0,1.0,1.0,0.5,0.6131471927654584
LFM2 350M,naive,q56,Which Australian city founded in 1838 contains a boarding school opened by a Prime Minister of Australia and named after a school in London of the same name.,1.0,1.0,1.0,0.5,0.6131471927654584
LFM2 350M,naive,q57,D1NZ is a series based on what oversteering technique?,1.0,1.0,1.0,0.5,0.6131471927654584
LFM2 350M,naive,q58,who is younger Keith Bostic or Jerry Glanville ?,1.0,1.0,1.0,1.0,0.9197207891481876
LFM2 350M,naive,q59,"According to the 2001 census, what was the population of the city in which Kirton End is located?",0.5,0.0,1.0,0.5,0.38685280723454163
LFM2 350M,naive,q60,Are both Cypress and Ajuga genera?,1.0,1.0,1.0,1.0,1.0
LFM2 350M,naive,q61,What distinction is held by the former NBA player who was a member of the Charlotte Hornets during their 1992-93 season and was head coach for the WNBA team Charlotte Sting?,1.0,1.0,1.0,0.5,0.6131471927654584
LFM2 350M,naive,q62,What is the name of the executive producer of the film that has a score composed by Jerry Goldsmith?,1.0,1.0,1.0,0.5,0.6131471927654584
LFM2 350M,naive,q63,"Who was born earlier, Emma Bull or Virginia Woolf?",1.0,1.0,1.0,1.0,1.0
LFM2 350M,naive,q64,What was the Roud Folk Song Index of the nursery rhyme inspiring What Are Little Girls Made Of?,1.0,1.0,1.0,0.5,0.6131471927654584
LFM2 350M,naive,q65,Scott Parkin has been a vocal critic of Exxonmobil and another corporation that has operations in how many countries ?,1.0,1.0,1.0,0.5,0.6131471927654584
LFM2 350M,naive,q66,What WB supernatrual drama series was Jawbreaker star Rose Mcgowan best known for being in?,1.0,1.0,1.0,1.0,1.0
LFM2 350M,naive,q67,Vince Phillips held a junior welterweight title by an organization recognized by what larger Hall of Fame?,1.0,1.0,1.0,0.5,0.6131471927654584
LFM2 350M,naive,q68,"What is the name of the singer who's song was released as the lead single from the album ""Confessions"", and that had popular song stuck behind for eight consecutive weeks?",0.0,0.0,0.0,0.0,0.0
LFM2 350M,naive,q69,who is the younger brother of The episode guest stars of The Hard Easy,1.0,1.0,1.0,0.5,0.6131471927654584
LFM2 350M,naive,q70,The 2017–18 Wigan Athletic F.C. season will be a year in which the team competes in the league cup known as what for sponsorship reasons?,1.0,1.0,1.0,1.0,0.9197207891481876
LFM2 350M,naive,q71,"Which of Tara Strong major voice role in animated series is an American animated television series based on the DC Comics fictional superhero team, the ""Teen Titans""?",1.0,1.0,1.0,0.5,0.6131471927654584
LFM2 350M,naive,q72,What is the inhabitant of the city where  122nd SS-Standarte was formed in2014,1.0,1.0,1.0,1.0,0.9197207891481876
LFM2 350M,naive,q73,What color clothing do people of the Netherlands wear during Oranjegekte or to celebrate the national holiday Koningsdag?,1.0,1.0,1.0,1.0,1.0
LFM2 350M,naive,q74,"What was the name of the 1996 loose adaptation of William Shakespeare's ""Romeo & Juliet"" written by James Gunn?",1.0,1.0,1.0,0.5,0.6131471927654584
LFM2 350M,naive,q75,Robert Suettinger was the national intelligence officer under which former Governor of Arkansas?,1.0,1.0,1.0,1.0,1.0
LFM2 350M,naive,q76,What American professional Hawaiian surfer born 18 October 1992 won the Rip Curl Pro Portugal?,1.0,1.0,1.0,1.0,1.0
LFM2 350M,naive,q77,What is the middle name of the actress who plays Bobbi Bacha in Suburban Madness?,1.0,1.0,1.0,0.5,0.6131471927654584
LFM2 350M,naive,q78,Alvaro Mexia had a diplomatic mission with which tribe of indigenous people?,1.0,1.0,1.0,0.5,0.6131471927654584
LFM2 350M,naive,q79,What nationality were social anthropologists Alfred Gell and Edmund Leach?,1.0,1.0,1.0,1.0,1.0
LFM2 350M,naive,q80,In which year was the King who made the 1925 Birthday Honours born?,1.0,1.0,1.0,1.0,0.9197207891481876
LFM2 350M,naive,q81,"What is the county seat of the county where East Lempster, New Hampshire is located?",1.0,1.0,1.0,0.5,0.6131471927654584
LFM2 350M,naive,q82,The Album Against the Wind was the 11th Album of a Rock singer Robert C Seger born may 6 1945. What was the Rock singers stage name ?,1.0,1.0,1.0,1.0,1.0
LFM2 350M,naive,q83,Rostker v. Goldberg held that the practice of what way of filling armed forces vacancies was consitutional?,1.0,1.0,1.0,1.0,0.9197207891481876
LFM2 350M,naive,q84,"Handi-Snacks are a snack food product line sold by what American multinational confectionery, food, and beverage company that is based in Illinois?",1.0,1.0,1.0,1.0,1.0
LFM2 350M,naive,q85,"What was the name of a woman from the book titled ""Their Lives: The Women Targeted by the Clinton Machine "" and was also a former white house intern?",1.0,1.0,1.0,1.0,0.9197207891481876
LFM2 350M,naive,q86,"When was the American lawyer, lobbyist and political consultant who was a senior member of the presidential campaign of Donald Trump born?",1.0,1.0,1.0,0.5,0.6131471927654584
LFM2 350M,naive,q87,"In what year was the novel that Lourenço Mutarelli based ""Nina"" on based first published?",1.0,1.0,1.0,0.5,0.6131471927654584
LFM2 350M,naive,q88,Where are Teide National Park and Garajonay National Park located?,1.0,1.0,1.0,1.0,1.0
LFM2 350M,naive,q89,How many copies of Roald Dahl's variation on a popular anecdote sold?,0.5,0.0,1.0,0.5,0.6934264036172708
LFM2 350M,naive,q90,What occupation do Chris Menges and Aram Avakian share?,1.0,1.0,1.0,1.0,1.0
LFM2 350M,naive,q91,Andrew Jaspan was the co-founder of what not-for-profit media outlet?,1.0,1.0,1.0,0.5,0.6131471927654584
LFM2 350M,naive,q92,Which American film director hosted the 18th Independent Spirit Awards in 2002?,1.0,1.0,1.0,0.5,0.6131471927654584
LFM2 350M,naive,q93,Where does the hotel and casino located in which Bill Cosby's third album was recorded?,0.3333333333333333,0.0,1.0,0.5,0.3065735963827292
LFM2 350M,naive,q94,Do the drinks Gibson and Zurracapote both contain gin?,1.0,1.0,1.0,1.0,1.0
LFM2 350M,naive,q95,"In what month is the annual documentary film festival, that is presented by the fortnightly published British journal of literary essays, held?",1.0,1.0,1.0,0.5,0.6131471927654584
LFM2 350M,naive,q96,Tysons Galleria is located in what county?,1.0,1.0,1.0,0.5,0.6131471927654584
LFM2 350M,naive,q97,Bordan Tkachuk was the CEO of a company that provides what sort of products?,1.0,1.0,1.0,0.5,0.6131471927654584
LFM2 350M,naive,q98,"Which filmmaker was known for animation, Lev Yilmaz or Pamela B. Green?",1.0,1.0,1.0,1.0,1.0
LFM2 350M,naive,q99,In which city is the ambassador of the Rabat-Salé-Kénitra administrative region to China based?,1.0,1.0,1.0,0.5,0.6131471927654584
LFM2 350M,naive,q100,Are Yingkou and Fuding the same level of city?,1.0,1.0,1.0,1.0,1.0
LFM2 350M,naive,q101,Where did the descendants of the group of black Indians associated with the Seminole people settle?,1.0,1.0,1.0,0.5,0.6131471927654584
LFM2 350M,naive,q102,David Huntsinger has worked with this gospel singer born in the month of July?,1.0,1.0,1.0,0.5,0.6131471927654584
LFM2 350M,naive,q103,What year was the brother of this first round draft pick by the Washington Redskins drafted?,1.0,1.0,1.0,0.5,0.6131471927654584
LFM2 350M,naive,q104,Where is the stadium at which 1964 Georgia Tech Yellow Jackets football team played their home game located?,1.0,1.0,1.0,1.0,0.9197207891481876
LFM2 350M,naive,q105,"Since 2 June 2017, The Leader of Fine Gael had been held by which Irish Fine Gael politician who has served as Taoiseach and Minister for Defence?",1.0,1.0,1.0,1.0,0.9197207891481876
LFM2 350M,naive,q106,Which American film actor and dancer starred in the 1945 film Johnny Angel?,1.0,1.0,1.0,0.5,0.6131471927654584
LFM2 350M,naive,q107,hree Men on a Horse is a play by a playwright born in which year ?,0.3333333333333333,0.0,1.0,0.5,0.3065735963827292
LFM2 350M,naive,q108,What type of activity does Owner earnings and Warren Buffett have in common?,1.0,1.0,1.0,1.0,1.0
LFM2 350M,naive,q109,When was the  former Indian cricketer who made his ODI debuts during the 2000 ICC KnockOut Trophy born?,1.0,1.0,1.0,0.5,0.6131471927654584
LFM2 350M,naive,q110,"Which airplane was this Major test-flying after whom the base, that 514th Flight Test Squadron is stated at, is named?",1.0,1.0,1.0,0.5,0.6131471927654584
LFM2 350M,naive,q111,"Based on a True Story... is an album by which country music star, with the single My Eyes?",1.0,1.0,1.0,1.0,1.0
LFM2 350M,naive,q112,"Over how many centuries were the ""dwelling place of the dead"" built?",0.0,0.0,0.0,0.0,0.0
LFM2 350M,naive,q113,"When was the British author who wrote the novel on which ""Here We Go Round the Mulberry Bush"" was based born?",1.0,1.0,1.0,0.5,0.6131471927654584
LFM2 350M,naive,q114,"Who died first, George Archainbaud or Ralph Murphy?",1.0,1.0,1.0,1.0,1.0
LFM2 350M,naive,q115,Which component of shellite has the formula (ON)CHOH?,1.0,1.0,1.0,0.5,0.6131471927654584
LFM2 350M,naive,q116,The Argentine PGA Championship record holder has won how many tournaments worldwide?,1.0,1.0,1.0,1.0,0.9197207891481876
LFM2 350M,naive,q117,Suicide's 1977 released album features a song based on what brand's comic character?,1.0,1.0,1.0,1.0,1.0
LFM2 350M,naive,q118,What other political position did the person who introduced the DISCLOSE Act hold?,1.0,1.0,1.0,0.5,0.6131471927654584
LFM2 350M,naive,q119,Were the bands Skin Yard and Ostava from the U.S.?,1.0,1.0,1.0,1.0,1.0
LFM2 350M,naive,q120,Are Daryl Hall and Gerry Marsden both musicians?,1.0,1.0,1.0,1.0,1.0
LFM2 350M,naive,q121,What major truck road is located in Backford Cross?,1.0,1.0,1.0,0.5,0.6131471927654584
LFM2 350M,naive,q122,In which role did Caroline Carver played in a 1999 Hallmark Entertainment made-for-TV fantasy movie?,1.0,1.0,1.0,1.0,1.0
LFM2 350M,naive,q123,"What's the name of the fantasy film starring Sarah Bolger, featuring a New England family who discover magical creatures around their estate?",1.0,1.0,1.0,1.0,1.0
LFM2 350M,naive,q124,Maxeda has been owned since 2004 by which American multinational equity firm?,1.0,1.0,1.0,1.0,1.0
LFM2 350M,naive,q125,The youngest daughter of Lady Mary-Gaye Curzon stars with Douglas Smith and Lucien Laviscount  in what 2017 film?,0.5,0.0,1.0,1.0,0.6934264036172708
LFM2 350M,naive,q126,Mummulgum is a stop on the Bruxner Highway before reaching the town on the banks of which river?,1.0,1.0,1.0,0.5,0.6131471927654584
LFM2 350M,naive,q127,"Which American audio engineer and clandestine chemist, who was a key figure in the San Francisco Bay Area hippie movement during the 1960s recorded the album ""Old and in the Way?""",1.0,1.0,1.0,1.0,1.0
LFM2 350M,naive,q128,When was the palace founded at which Columba de Dunbar died in 1435?,1.0,1.0,1.0,0.5,0.6131471927654584
LFM2 350M,naive,q129,"Where is the Bubblegum Alley, that is similar to Gum Wall, located in California?",0.5,0.0,1.0,0.5,0.38685280723454163
LFM2 350M,naive,q130,"At what venue was the January 2, 2012 game featured the University of Louisville team?",0.3333333333333333,0.0,1.0,0.5,0.3065735963827292
LFM2 350M,naive,q131,"Which film was Oscar nominated, LaLee's Kin: The Legacy of Cotton or Gimme Shelter, the 1970 Rolling Stones documentary?",0.5,0.0,1.0,0.5,0.38685280723454163
LFM2 350M,naive,q132,"Which board game was published most recently, Pirate's Cove or Catan?",1.0,1.0,1.0,1.0,1.3065735963827294
LFM2 350M,naive,q133,Alice David is the voice of Lara Croft in a video game developed by which company ?,1.0,1.0,1.0,0.5,0.6131471927654584
LFM2 350M,naive,q134,"Which Eminem album included vocals from a singer who had an album titled ""Unapologetic""?",0.5,0.0,1.0,0.5,0.38685280723454163
LFM2 350M,naive,q135,"This American crime film set in South Los Angeles was written and directed by the same director and writer of screenwriter of ""Street Kings"", ""End of Watch"", ""Sabotage"", ""Fury"" and what other film?",0.3333333333333333,0.0,1.0,0.5,0.3065735963827292
LFM2 350M,naive,q136,SuperMansion starred the actress who had a recurring role as whom on Workaholics?,1.0,1.0,1.0,1.0,0.9197207891481876
LFM2 350M,naive,q137,"The 1974 Texas Tech Raiders football team represented what public research university in Lubbock, Texas?",1.0,1.0,1.0,1.0,1.0
LFM2 350M,naive,q138,"During Siege of Bharatpur, which Commander-in-Chief of Ireland and Commander-in-Chief of India contributed to the storming of the castle?",0.5,0.0,1.0,0.5,0.38685280723454163
LFM2 350M,naive,q139,For what type of work is the production company for The Year Without a Santa Claus best known?,1.0,1.0,1.0,0.5,0.6131471927654584
LFM2 350M,naive,q140,"What year was the film that starred the composer for ""The Naked Brothers Band""?",0.3333333333333333,0.0,1.0,0.5,0.3065735963827292
LFM2 350M,naive,q141,The author of Sexual Politics attended which British University?,1.0,1.0,1.0,1.0,1.0
LFM2 350M,naive,q142,"Who had the best singles ranking, Roberta Vinci or Jorge Lozano?",1.0,1.0,1.0,1.0,1.0
LFM2 350M,naive,q143,Both Truth in Science and Discovery embrace what campaign?,1.0,1.0,1.0,1.0,0.9197207891481876
LFM2 350M,naive,q144,"Josey Scott and Ian Watkins were both promising musicians. Which of these talented men was incarcerated, impacting his career with a rock band?",1.0,1.0,1.0,1.0,1.0
LFM2 350M,naive,q145,The movies Queen of Blood and Battle Beyond the Sun both contained scenes from what 1959 Soviet feature?,1.0,1.0,1.0,1.0,1.0
LFM2 350M,naive,q146,"Who was born first, Erika Jayne or Marco Da Silva",1.0,1.0,1.0,1.0,1.0
LFM2 350M,naive,q147,"When did the English local newspaper, featuring the sculpture and war memorial in the Forbury gardens, change names?",0.5,0.0,1.0,0.5,0.38685280723454163
LFM2 350M,naive,q148,What is the name of the Isles who were led by Aonghus Mór and covered a total land area of over 8300 km2?,1.0,1.0,1.0,1.0,1.0
LFM2 350M,naive,q149,"Who is Bruce Spizer an expert on, known as the most influential act of the rock era?",1.0,1.0,1.0,0.5,0.6131471927654584
LFM2 350M,naive,q150,"Which song was behind the third single on the album  ""A Lot About Livin' (And a Little 'bout Love)"" for two weeks on the country charts?",0.0,0.0,0.0,0.0,0.0
LFM2 350M,naive,q151,What occupation was shared by David Yates and Pietro Germi?,1.0,1.0,1.0,1.0,0.9197207891481876
LFM2 350M,naive,q152,"Marcus Wayne Garland spent nine seasons with an American professional baseball team that is based in Baltimore, Maryland, and was one of the AMerican League's original eight charter franchises when the league was established in what year?",1.0,1.0,1.0,1.0,1.0
LFM2 350M,naive,q153,The lamp used in many lighthouses is similiar to this type of lamp patented in 1780 by Aimé Argand?,1.0,1.0,1.0,1.0,1.0
LFM2 350M,naive,q154,"The songs from the sountrack to ""When Harry Met Sally"" are performed by a singer that has had how many top 20 US albums?",1.0,1.0,1.0,0.5,0.6131471927654584
LFM2 350M,naive,q155,Are Broughtonia and Laeliocattleya both orchids?,1.0,1.0,1.0,1.0,1.0
LFM2 350M,naive,q156,Where was the world cup hosted that Algeria qualified for the first time into the round of 16?,1.0,1.0,1.0,0.5,0.6131471927654584
LFM2 350M,naive,q157,"Which was fought earlier in our nation's history, the Seven Days Battles or the Battle of Manila?",1.0,1.0,1.0,1.0,1.0
LFM2 350M,naive,q158,"What retailer in ABQ Uptown is headquarted in Poole, Dorset, United Kingdom?",1.0,1.0,1.0,1.0,1.0
LFM2 350M,naive,q159,What football club plays in the area between the old tool gates: Brook Bar and Trafford bar?,1.0,1.0,1.0,0.5,0.6131471927654584
LFM2 350M,naive,q160,"The song ""Chim Chim Cher-ee"" can be heard  in the ""Mary Poppins"" scene of a Disney ride that debuted in what year?",1.0,1.0,1.0,0.5,0.6131471927654584
LFM2 350M,naive,q161,"Who held the record for the longest service in the Australian Parliament for a woman, and was surpassed by  a former Australian politician who was the 29th Speaker of the House of Representatives?",1.0,1.0,1.0,1.0,1.0
LFM2 350M,naive,q162,"Which man who presented the Australia 2022 FIFA World Cup bid was born on October 22, 1930?",1.0,1.0,1.0,0.5,0.6131471927654584
LFM2 350M,naive,q163,What major city is the Faith Lutheran Middle School and High School located by?,0.5,0.0,1.0,0.5,0.38685280723454163
LFM2 350M,naive,q164,What British singer-songwriter hosted the 16th Annual Young Hollywood Awards?,1.0,1.0,1.0,0.5,0.6131471927654584
LFM2 350M,naive,q165,Who did the Star and Dagger bass player marry?,1.0,1.0,1.0,0.5,0.6131471927654584
LFM2 350M,naive,q166,"In 2017, what was 3/4th of the organization that also has a Center for Veterinary Medicine as well as part of the U.S. Department of Health and Human Services, spent on?",0.5,0.0,1.0,0.5,0.38685280723454163
LFM2 350M,naive,q167,"Which came out first, Dinosaur or McFarland, USA",1.0,1.0,1.0,0.5,0.6131471927654584
LFM2 350M,naive,q168,Both Bishop Carroll Catholic High School and Kapaun Mt. Carmel Catholic High School are located in which city in Kansas?,1.0,1.0,1.0,1.0,1.0
LFM2 350M,naive,q169,What was the 58th quadrennial American presidential election held after the 2016 Michigan Democratic primary?,1.0,1.0,1.0,1.0,1.0
LFM2 350M,naive,q170,This Celtic ruler who was born in AD 43 ruled southeastern Britain prior to conquest by which empire?,0.0,0.0,0.0,0.0,0.0
LFM2 350M,naive,q171,"What is the name of the detective novelist parent of the author of '""Q"" Is for Quarry'?",1.0,1.0,1.0,0.5,0.6131471927654584
LFM2 350M,naive,q172,What is the birthplace of the Senator who represents the first of 62 districts in the State Senate?,1.0,1.0,1.0,0.5,0.6131471927654584
LFM2 350M,naive,q173,The Memphis Hustle are based in a suburb of a city with a population of what in 2010?,1.0,1.0,1.0,0.5,0.6131471927654584
LFM2 350M,naive,q174,"Which songwriting duo composed music for ""La La Land"", and created lyrics for ""A Christmas Story: The Musical""?",0.5,0.0,1.0,0.5,0.38685280723454163
LFM2 350M,naive,q175,"Which of the city at the south of Shelly Beach, New South Wales is a local government area in the Hunter region of New South Wales, Australia?",1.0,1.0,1.0,1.0,1.0
LFM2 350M,naive,q176,Are Bamboo Mañalac and Danny Jones both musicians?,1.0,1.0,1.0,1.0,1.0
LFM2 350M,naive,q177,"Works by Hanna Leena Kristiina Varis are part of a collection in a museum that houses approximately 65,000 what?",1.0,1.0,1.0,1.0,1.0
LFM2 350M,naive,q178,When was the Western Germanic language spoken from which the small settlement situated on the river Leda opposite Leer derives its name?,0.5,0.0,1.0,0.5,0.38685280723454163
LFM2 350M,naive,q179,"Born on 6 March 1937, this man was also a citizen of the United Kingdom.",0.0,0.0,0.0,0.0,0.0
LFM2 350M,naive,q180,"What country does Hatton Hill and Hatton Castle, Angus have in common?",1.0,1.0,1.0,1.0,1.0
LFM2 350M,naive,q181,What podcast was the cheif executive officer of Nerdist Industries a guest on?,0.3333333333333333,0.0,1.0,0.5,0.3065735963827292
LFM2 350M,naive,q182,Randall Cunningham II was a multi-sport athlete at the high school located in what Nevada city?,1.0,1.0,1.0,0.5,0.6131471927654584
LFM2 350M,naive,q183,"Which English musician is known for both the songs ""See Yourself"" and ""Withing You Without You""?",1.0,1.0,1.0,1.0,1.0
LFM2 350M,naive,q184,"Which professional ice hockey position does the Captain of the National Hockey League All-Star Game ""Away Team"" play?",1.0,1.0,1.0,1.0,1.0
LFM2 350M,naive,q185,"What year did the series on CBS, starring the actor who known for his role in ""Rebel Without a Cause,"" air?",0.3333333333333333,0.0,1.0,0.5,0.3065735963827292
LFM2 350M,naive,q186,"What season was the character introduced that becomes the main antagonist in the  following season, from the animated television series created by Bryan Konietzko and Michael Dante DiMartino as a sequel to """", which aired from 2005 to 2008?",1.0,1.0,1.0,1.0,1.0
LFM2 350M,naive,q187,"Who were the directors of the 2009 American science fiction film starring the actor who played Dexter Morgan in the Showtime TV Network series ""Dexter""?",1.0,1.0,1.0,0.5,0.6131471927654584
LFM2 350M,naive,q188,"Which travel parody series featured American actor, comedian, and radio host best known as the host of ""The Joe Schmo Show""?",0.5,0.0,1.0,0.5,0.38685280723454163
LFM2 350M,naive,q189,Do The Importance of Being Icelandic and The Five Obstructions belong to different film genres ?,1.0,1.0,1.0,1.0,1.0
LFM2 350M,naive,q190,Tefik Selim Mborja was a part of a party that held power in Albania until what year?,1.0,1.0,1.0,1.0,0.9197207891481876
LFM2 350M,naive,q191,Joe Walker played for which team that ends their regular season with the Civil War rivalry game?,0.5,0.0,1.0,0.5,0.38685280723454163
LFM2 350M,naive,q192,"What station broadcast the episode ""Marry Me a Little, Marry Me a Little More"" , of the series created by Max Mutchnick and David Kohan?",0.3333333333333333,0.0,1.0,0.5,0.3065735963827292
LFM2 350M,naive,q193,Georges-Henri Bousquet translated the work of a historian who is of what heritage?,1.0,1.0,1.0,0.5,0.6131471927654584
LFM2 350M,naive,q194,In which city are the headquarters of the American research and scientific development company where Ravi Sethi worked as computer scientist located?,1.0,1.0,1.0,1.0,0.9197207891481876
LFM2 350M,naive,q195,What is the full name of the viral respiratory disease in which Yi Guan's research helped to prevent the outbreak of?,1.0,1.0,1.0,0.5,0.6131471927654584
LFM2 350M,naive,q196,Which Kentucky Writers Hall of Fame author has had works published by Dim Gray Bar Press?,1.0,1.0,1.0,1.0,0.9197207891481876
LFM2 350M,naive,q197,What director worked with Vikram Bhatt on a film starring actors Rajneesh Duggal and Adah Sharma?,1.0,1.0,1.0,0.5,0.6131471927654584
LFM2 350M,naive,q198,Robert Smith founded the multinational company headquartered in what city?,0.0,0.0,0.0,0.0,0.0
LFM2 350M,naive,q199,What amount was the settlement that the character from the Son of al Quada got in 2017?,0.0,0.0,0.0,0.0,0.0
LFM2 350M,naive,q200,"Considered the strongest recorded tropical cyclone, which cyclone had a film made about it in 2007?",0.0,0.0,0.0,0.0,0.0
LFM2 350M,naive,q201,The 2000 British film Snatch was later adapted into a television series for what streaming service?,1.0,1.0,1.0,1.0,1.0
LFM2 350M,naive,q202,Chris Williams last played for which football club from the National League North?,1.0,1.0,1.0,0.5,0.6131471927654584
LFM2 350M,naive,q203,Who designed the hotel that held the IFBB professional bodybuilding competition in September 1991?,1.0,1.0,1.0,0.5,0.6131471927654584
LFM2 350M,naive,q204,"At the 71st Golden Globe Awards for television in 2013, what achievement did Breaking Bad, police sitcom Brooklyn Nine-Nine and American Hustle attain?",1.0,1.0,1.0,1.0,1.0
LFM2 350M,naive,q205,Which actor does American Beauty and American Beauty have in common?,1.0,1.0,1.0,1.0,1.0
LFM2 350M,naive,q206,Onika Tanya Maraj is a judge on a television show hosted by whom?,0.0,0.0,0.0,0.0,0.0
LFM2 350M,naive,q207,Are Hot Rod and The Memory of Our People both magazines?,1.0,1.0,1.0,1.0,1.0
LFM2 350M,naive,q208,Who was Chamberlain and Colonel of the military staff of The Merrie Monarch?,0.0,0.0,0.0,0.0,0.0
LFM2 350M,naive,q209,"Who has written more than 300 papers, Semyon Aranovich Gershgorin or Pavel Alexandrov?",1.0,1.0,1.0,1.0,1.0
LFM2 350M,naive,q210,Which post DC Extended Universe actress will also play a role in what is intended to be the fifth installment of the DC Extended Universe?,1.0,1.0,1.0,1.0,0.9197207891481876
LFM2 350M,naive,q211,Who was the captain of the only battleship to provide gunfire support during the Vietnam War?,1.0,1.0,1.0,0.5,0.6131471927654584
LFM2 350M,naive,q212,"The Polar Bears featuring the voice of Armie Hammer, is also the same voice actor for which character in Cars 3?",1.0,1.0,1.0,1.0,0.9197207891481876
LFM2 350M,naive,q213,"Which tower is taller, 712 Fifth Avenue or Manhattan Life Insurance Building?",1.0,1.0,1.0,1.0,1.0
LFM2 350M,naive,q214,"Is the Pakistan fast bowler who joined the Kent County Cricket Club in June, 2011 a left-hand or right-hand batsmans?",0.5,0.0,1.0,1.0,0.6934264036172708
LFM2 350M,naive,q215,"Who was born first, Arthur Conan Doyle or Penelope Lively?",1.0,1.0,1.0,1.0,1.0
LFM2 350M,naive,q216,The Tennessee Volunteers football team plays as a member for a conference in what city?,0.5,0.0,1.0,1.0,0.6934264036172708
LFM2 350M,naive,q217,Ernest Foot was the best friend of the fighter pilot who had how many victories?,1.0,1.0,1.0,0.5,0.6131471927654584
LFM2 350M,naive,q218,"From March 631 to April 631, Farrukhzad Khosrau V was the king of an empire that succeeded which empire?",1.0,1.0,1.0,0.5,0.6131471927654584
LFM2 350M,naive,q219,Which suburb is a soap opera featuring a character named Beverly Marshall set in?,1.0,1.0,1.0,0.5,0.6131471927654584
LFM2 350M,naive,q220,Which country did the Falkland Islands beat in the 2010 Commonwealth games that has eleven administrative divisions?,0.0,0.0,0.0,0.0,0.0
LFM2 350M,naive,q221,"Which Netflix series ""Unbreakable"" character is Elizabeth Claire Kemper known for playing?",1.0,1.0,1.0,1.0,0.9197207891481876
LFM2 350M,naive,q222,"Which television series featured an actor who also performed in ""The Young Ones""?",0.0,0.0,0.0,0.0,0.0
LFM2 350M,naive,q223,Are both Dafeng District and Dazhou located in the same province?,1.0,1.0,1.0,1.0,1.0
LFM2 350M,naive,q224,"In what century did this Native warrior and chief, whose brother Tenskwatawa led the Tippecanoe order of battle, become the primary leader of a large, multi tribal confederacy?",0.5,0.0,1.0,0.5,0.38685280723454163
LFM2 350M,naive,q225,What film was written and directed by Joby Harold with music written by Samuel Sim?,1.0,1.0,1.0,0.5,0.6131471927654584
LFM2 350M,naive,q226,What is the name of the ethnic group who settled in Canada in the 17th century that participated in a conflict with Irish Catholic immigrants in the Shiners' War?,1.0,1.0,1.0,1.0,1.0
LFM2 350M,naive,q227,The author of The Thing of It Is... is what Nationality?,1.0,1.0,1.0,0.5,0.6131471927654584
LFM2 350M,naive,q228,"How long is the bridge in the Öresund Region that connect Copenhagen, Denmark and Malmo, Sweden?",1.0,1.0,1.0,1.0,0.9197207891481876
LFM2 350M,naive,q229,"Martin Patterson ""Pat"" Hingle was a close friend of an actor who achieved success in what Western TV series?",1.0,1.0,1.0,1.0,1.0
LFM2 350M,naive,q230,Is the Marsilea or the Brabejum the genus of more individual species of plants?,1.0,1.0,1.0,1.0,1.0
LFM2 350M,naive,q231,What building is opposite the ceremonial meeting place of the Accession Council in the United Kingdom?,0.5,0.0,1.0,0.5,0.38685280723454163
LFM2 350M,naive,q232,"What material did a hairdresser from Yorkshire, England invent that was named by his granddaughter?",1.0,1.0,1.0,0.5,0.6131471927654584
LFM2 350M,naive,q233,One Raffles Place is one of the tallest skyscrapers in the city of Singapore and tallest in the wolrd outside North America until it was succeeded by a Building in city?,1.0,1.0,1.0,0.5,0.6131471927654584
LFM2 350M,naive,q234,"Which case came first, Craig v. Boren or United States v. Paramount Pictures, Inc.?",1.0,1.0,1.0,1.0,1.0
LFM2 350M,naive,q235,What is the nickname of the city where Darling's Waterfront Pavilion is located?,1.0,1.0,1.0,0.5,0.6131471927654584
LFM2 350M,naive,q236,The Kansas City Wizards have had three home venues in Kansas City in their time.  Which was their first?,0.0,0.0,0.0,0.0,0.0
LFM2 350M,naive,q237,"Henry Hall is known for fighting in the Revolutionary War, and for being the first to successfully cultivate this food found in what type of bogs?",1.0,1.0,1.0,0.5,0.6131471927654584
LFM2 350M,naive,q238,A scam involving a male calling small town fast-food restaurants and pretending to be a police officer to have them strip search employees was turned into a movie of what name?,1.0,1.0,1.0,0.5,0.6131471927654584
LFM2 350M,naive,q239,"What airport serviced by American Airlines Shuttle, is also the largest airport in the New England region and 17th busiest in the U.S?",1.0,1.0,1.0,1.0,1.0
LFM2 350M,naive,q240,"Which genus has more species, Xanthoceras or Ehretia?",1.0,1.0,1.0,1.0,1.0
LFM2 350M,naive,q241,What arcade game is named after the only player in major league history to have a 0.300 batting average for 7 consecutive seasons?,0.0,0.0,0.0,0.0,0.0
LFM2 350M,naive,q242,What american actress/singer born in 1956 recorded the song Something there for beauty and the beast?,1.0,1.0,1.0,1.0,1.0
LFM2 350M,naive,q243,Which professional baseball player and National 1993 Baseball Hall of Fame inductee is featured in the Greatest Sports Legends anthology?,0.5,0.0,1.0,0.5,0.38685280723454163
LFM2 350M,naive,q244,Salisbury Woodland Gardens links a zoo with a park designed and built under the watchful eye of who?,1.0,1.0,1.0,0.5,0.6131471927654584
LFM2 350M,naive,q245,What class of instrument does Apatim Majumdar play?,1.0,1.0,1.0,1.0,0.9197207891481876
LFM2 350M,naive,q246,Jamie Harris is best known for his role as The Hook-Handed Man in a movie directed by who ?,1.0,1.0,1.0,0.5,0.6131471927654584
LFM2 350M,naive,q247,"How many laps did Harry Prowell run during the 10,000 metres race at the 1967 Pan American Games?",1.0,1.0,1.0,1.0,1.0
LFM2 350M,naive,q248,Are  Chrysalis and Look both women's magazines?,1.0,1.0,1.0,1.0,1.0
LFM2 350M,naive,q249,"Which author has won more Pulitzer Prizes, Thomas Friedman or Henri Bergson?",1.0,1.0,1.0,1.0,1.0
LFM2 350M,naive,q250,"Yoann Lemoine, a French video director, has created music videos for Lana Del Rey, Katy Perry, and an orchestral country pop ballad by which top pop artist?",1.0,1.0,1.0,0.5,0.6131471927654584
LFM2 350M,naive,q251,In what city can a person find both the Nusretiye Clock Tower and the Eski Imaret Mosque be found?,1.0,1.0,1.0,1.0,0.9197207891481876
LFM2 350M,naive,q252,"What is Opry Mills in Nashville, Tennessee?",1.0,1.0,1.0,0.5,0.6131471927654584
LFM2 350M,naive,q253,"Spaceware Sky Division II is manufactured by this subsidiary, which is one of twelve subdivisions of Inner Mongolia, China?",1.0,1.0,1.0,0.5,0.6131471927654584
LFM2 350M,naive,q254,"Which director had the longest career, Alain Resnais or Scott Sidney?",1.0,1.0,1.0,1.0,1.0
LFM2 350M,naive,q255,"in 1999, Spirit Halloween LLC was purchased by a mall retailer that has how many stores in the United States and Canada ?",1.0,1.0,1.0,1.0,1.0
LFM2 350M,naive,q256,James Fieser received his B.A. from what liberal arts work college that was founded in 1855?,1.0,1.0,1.0,0.5,0.6131471927654584
LFM2 350M,naive,q257,What year did Roy Rogers and his third wife star in a film directed by Frank McDonald?,0.0,0.0,0.0,0.0,0.0
LFM2 350M,naive,q258,"The name ""Mountbatten-Windsor"" applies to male-line descendants of the Queen without royal styles and titles which is a Eurpean dynasty resulting in what family?",1.0,1.0,1.0,1.0,0.9197207891481876
LFM2 350M,naive,q259,Who is known for producing the documentary television series based on the book by science historian James Burke?,1.0,1.0,1.0,1.0,0.9197207891481876
LFM2 350M,naive,q260,which is larger Asante Traditional Buildings or Gulangyu?,1.0,1.0,1.0,1.0,1.0
LFM2 350M,naive,q261,Armageddon in Retrospect was written by the author who was best known for what 1969 satire novel?,1.0,1.0,1.0,1.0,1.0
LFM2 350M,naive,q262,Patrick Kennedy is known for his collections of Irish  folktales from a province situated in which part of Ireland ?,1.0,1.0,1.0,0.5,0.6131471927654584
LFM2 350M,naive,q263,What NIFL Premier Intermediate League team did Sean Connor play for?,1.0,1.0,1.0,0.5,0.6131471927654584
LFM2 350M,naive,q264,"Which character does this protagonist, who secretly loves and marries a member of the rival house, of William Shakespeare's tragedy that has a fictional character Benvolio slay?",1.0,1.0,1.0,1.0,1.0
LFM2 350M,naive,q265,"What was the name of the fanzine that interviewed the Sex Pistols bassist when he was in the band ""The Flowers of Romance?""",1.0,1.0,1.0,1.0,1.0
LFM2 350M,naive,q266,"What, known as AAS, is commonly used in bodybuilding?",1.0,1.0,1.0,1.0,0.9197207891481876
LFM2 350M,naive,q267,"Which American character actor who starred on the television series ""Stargate SG-1"" (1997–2007) and appeared in ""Episode 8"" of ""Twin Peaks"" as a guest star?",1.0,1.0,1.0,1.0,0.9197207891481876
LFM2 350M,naive,q268,Candy Coburn has shared the stage with an American country music group with who playing guitar?,1.0,1.0,1.0,1.0,1.0
LFM2 350M,naive,q269,What is the population according to the 2007 population census of the city in which the National Archives and Library of Ethiopia is located?,1.0,1.0,1.0,1.0,1.0
LFM2 350M,naive,q270,Which composer created Night Ferry first performed in 2012 at Symphony Center in Chicago?,1.0,1.0,1.0,1.0,1.0
LFM2 350M,naive,q271,To which aircraft carrier was the VMF-213 Marine Fighting Squadron assigned to durning World War II?,1.0,1.0,1.0,0.5,0.6131471927654584
LFM2 350M,naive,q272,Can Stenocereus and Pachypodium both include tree like plants?,1.0,1.0,1.0,1.0,1.0
LFM2 350M,naive,q273,What movie did Pitof direct which had an action-adventure tie-in video game based off of it in 2004?,0.0,0.0,0.0,0.0,0.0
LFM2 350M,naive,q274,"on 16 January 1995 ""First Knight"" was being filmed at a studio located how far from Windsor ?",1.0,1.0,1.0,1.0,1.0
LFM2 350M,naive,q275,"What is the name of the actress who has received a Drama Desk award and was part of the cast album for the 2007 Broadway production of the hit musical, ""Grease""?",0.0,0.0,0.0,0.0,0.0
LFM2 350M,naive,q276,"Marion Greene was a health policy analyst for St. Judt Medical company, which had how many principal operations worldwide?",1.0,1.0,1.0,1.0,1.0
LFM2 350M,naive,q277,Which Genus has more species Eucryphia or Lepidozamia ?,1.0,1.0,1.0,1.0,1.0
LFM2 350M,naive,q278,"In what city was the Italian Baroque composer who composed a set of sonatas, titled Op. 5, born?",1.0,1.0,1.0,1.0,1.0
LFM2 350M,naive,q279,"Meaning ""reddish water"" in Hawaiian, which location was Butch Van Artsdalen known for surfing 25-foot waves at?",1.0,1.0,1.0,0.5,0.6131471927654584
LFM2 350M,naive,q280,What type of magazine is Eugene Habecker the chairman of?,1.0,1.0,1.0,0.5,0.6131471927654584
LFM2 350M,naive,q281,"Flyboys stars which actor who was nominated for an Academy Award for ""127 Hours""?",1.0,1.0,1.0,1.0,0.9197207891481876
LFM2 350M,naive,q282,"The English actor Kris Marshall played which character in the highly rated comedy-drama television series ""Death in Paradise""?",1.0,1.0,1.0,1.0,0.9197207891481876
LFM2 350M,naive,q283,In what month was the relief first officer of the flight that crashed on its way to Cairo with a stop in New York Born?,1.0,1.0,1.0,1.0,1.0
LFM2 350M,naive,q284,Which film was released first: Sacred Planet or Oz the Great and Powerful?,1.0,1.0,1.0,1.0,1.0
LFM2 350M,naive,q285,I'd Come for You is a single by the band formed in what Alberta city?,1.0,1.0,1.0,1.0,1.0
LFM2 350M,naive,q286,"Who is older, Ferdi Taygan or Mahesh Bhupathi?",1.0,1.0,1.0,1.0,1.0
LFM2 350M,naive,q287,"Other than racing, what sport does the 1998 champion of the Toyota GRand Prix practice?",0.5,0.0,1.0,0.5,0.38685280723454163
LFM2 350M,naive,q288,Where did Ian Harland study prior to studying at the oldest college at the University of Cambridge?,1.0,1.0,1.0,1.0,1.0
LFM2 350M,naive,q289,In what 1997 American mystery crime film did Johnny Galecki start in?,1.0,1.0,1.0,1.0,1.0
LFM2 350M,naive,q290,"Which came to market first, ""Hey Pa! There's a Goat on the Roof"" or ""Poleconomy""",1.0,1.0,1.0,1.0,1.0
LFM2 350M,naive,q291,What record did the Super Bowl XXXIV champions finish the regular-season with in 1999?,0.5,0.0,1.0,0.5,0.38685280723454163
LFM2 350M,naive,q292,What is the population of the town at the intersection of Interstate Highways 77 and  the longest Interstate highway within the borders of Virginia?,1.0,1.0,1.0,1.0,1.0
LFM2 350M,naive,q293,What was the nickname of the hitman hired by an Italian American Criminal Organization?,0.3333333333333333,0.0,1.0,0.5,0.3065735963827292
LFM2 350M,naive,q294,What was the position of Jean Baptiste Androuet du Cerceau under the man who was King of the Polish-Lithuanian Commonwealth from 1573 to 1575?,1.0,1.0,1.0,0.5,0.6131471927654584
LFM2 350M,naive,q295,"Which American music star appeared as a guest in a Will & Grace episode called ""Back Up, Dancer""?",1.0,1.0,1.0,0.5,0.6131471927654584
LFM2 350M,naive,q296,What army did the namesake of the ship launched as the München in 1930 fight in during the American Revolutionary War?,1.0,1.0,1.0,0.5,0.6131471927654584
LFM2 350M,naive,q297,The Church of the Guanche People was founded in the city that is on the most populated island of what larger area?,1.0,1.0,1.0,1.0,1.0
LFM2 350M,naive,q298,What officially ended the first phase of the military conflict between the British Raj and the Emirate of Afghanistan from 1878 to 1880?,1.0,1.0,1.0,0.5,0.6131471927654584
LFM2 350M,naive,q299,"The mass killing that took place at Oakland, California on April 2, 2012 was less deadly than the one that took place on October 1, 2015 in which state?",1.0,1.0,1.0,0.5,0.6131471927654584
LFM2 350M,naive,q300,"When did the rock band that sang ""All Join Hands"" rise to prominence?",1.0,1.0,1.0,0.5,0.6131471927654584
LFM2 350M,naive,q301,Where is the company that owns thanKing Horse pub restaurant chain based ?,1.0,1.0,1.0,0.5,0.6131471927654584
LFM2 350M,naive,q302,What is the uppermost age range for the sort of fiction written by Alexander Gordon Smith?,1.0,1.0,1.0,0.5,0.6131471927654584
LFM2 350M,naive,q303,"What is the birthday of the actress who was the Duchess in ""The Revengers Tragedy""?",1.0,1.0,1.0,0.5,0.6131471927654584
LFM2 350M,naive,q304,Which film starring Patrick Tatten is based on a book written by Steve Lopez?,1.0,1.0,1.0,0.5,0.6131471927654584
LFM2 350M,naive,q305,Are Skeptical Inquirer and The Progressive Populist both tabloid-style magazines?,1.0,1.0,1.0,1.0,1.0
LFM2 350M,naive,q306,"The 1984 film ""Marlene"" is a documentary about an actress born in what year?",1.0,1.0,1.0,1.0,1.0
LFM2 350M,naive,q307,Which former mill town is near Rivington Hall Barn?,1.0,1.0,1.0,0.5,0.6131471927654584
LFM2 350M,naive,q308,"What prolific English engineer, who died on 15 December 1857, contributed to the advent of the hot air engine by way of their open cycle devices?",0.3333333333333333,0.0,1.0,0.5,0.3065735963827292
LFM2 350M,naive,q309,"Which dog is considered a giant dog breed, the  Leonberger or the Basset Hound?",1.0,1.0,1.0,1.0,1.0
LFM2 350M,naive,q310,Are Staten Island Catapult and This Is Elvis both documentaries?,1.0,1.0,1.0,1.0,1.0
LFM2 350M,naive,q311,"What is the year of the event that occured first, Making Today a Perfect Day was produced, or Frozen was produced?",1.0,1.0,1.0,0.5,0.6131471927654584
LFM2 350M,naive,q312,"Which magazine is published more often, Shonen Jump or Rolling Stone?",1.0,1.0,1.0,1.0,1.0
LFM2 350M,naive,q313,Where is the Cocoa Krispies and former Superman sponsor located?,0.0,0.0,0.0,0.0,0.0
LFM2 350M,naive,q314,Who was born first Am Rong or Ava DuVernay ?,1.0,1.0,1.0,1.0,1.0
LFM2 350M,naive,q315,How many days did it take the Best New Artist of 2009 to sell 2 million copies of an album in the UK and break a twenty year old record?,0.5,0.0,1.0,1.0,0.6934264036172708
LFM2 350M,naive,q316,"""Ew!"" is a song by a television host born where?",1.0,1.0,1.0,0.5,0.6131471927654584
LFM2 350M,naive,q317,The northern English anglian Kingdom in the Humber estuary spoke what dialect of english?,1.0,1.0,1.0,1.0,0.9197207891481876
LFM2 350M,naive,q318,"What Kentucky county has a population of 60,316 and features the Lake Louisvilla neighborhood?",1.0,1.0,1.0,0.5,0.6131471927654584
LFM2 350M,naive,q319,Are both Duke Energy and Affiliated Managers Group based in Massachusetts?,1.0,1.0,1.0,1.0,1.0
LFM2 350M,naive,q320,"Two positions were filled in The Voice of Ireland b which British-Irish girl group based in London, England?",1.0,1.0,1.0,1.0,1.0
LFM2 350M,naive,q321,"Who was also an actor, Serri or John Fogerty?",1.0,1.0,1.0,1.0,0.9197207891481876
LFM2 350M,naive,q322,"What is the international football competition for women that Liu Ailing played in the 1991,1995, 1999 editions?",1.0,1.0,1.0,1.0,1.0
LFM2 350M,naive,q323,Rock Springs is a collection of short stories by an author born in what year?,1.0,1.0,1.0,1.0,1.0
LFM2 350M,naive,q324,Folie à Deux is a studio album by the American rock band formed in which city?,1.0,1.0,1.0,0.5,0.6131471927654584
LFM2 350M,naive,q325,"This work of literature _______ , known by its Greek title Oedipus Tyrannus was argued by Sigmund Freud to be one of the greatest works of world literature in his 1928 article.",1.0,1.0,1.0,1.0,0.9197207891481876
LFM2 350M,naive,q326,Katherine Waterston and Chrisann Brennan has what in common?,1.0,1.0,1.0,1.0,1.0
LFM2 350M,naive,q327,"The voice of Homer Simpson also voices what alien character in the television series ""The Simpsons""?",1.0,1.0,1.0,0.5,0.6131471927654584
LFM2 350M,naive,q328,What studio album did Kanye West record with Roc-A-Fella Records and soul singer Dwele?,0.3333333333333333,0.0,1.0,0.5,0.3065735963827292
LFM2 350M,naive,q329,Were Enrique Carreras and Lionel Ngakane both filmakers during the 20th century?,1.0,1.0,1.0,1.0,1.0
LFM2 350M,naive,q330,The city that contains the Yunnan Provincial Museum is also known by what nickname?,0.5,0.0,1.0,1.0,0.6934264036172708
LFM2 350M,naive,q331,"Where is the singer of ""B Boy"" raised?",0.5,0.0,1.0,0.5,0.38685280723454163
LFM2 350M,naive,q332,The Column of Saint Zanobi  is a monumental marble column located just north of religious building with the status of what?,1.0,1.0,1.0,0.5,0.6131471927654584
LFM2 350M,naive,q333,The Ingerophrynus gollum is named after a character in a book that sold how many copies?,0.5,0.0,1.0,1.0,0.6934264036172708
LFM2 350M,naive,q334,"What Danish eurodance group had a single called ""Barbie Girl"" which resulted in a lawsuit in 2002?",1.0,1.0,1.0,0.5,0.6131471927654584
LFM2 350M,naive,q335,"Which case was decided first, Selle v. Gibb or Reynolds v. Sims?",1.0,1.0,1.0,1.0,1.0
LFM2 350M,naive,q336,Mamie Gummer played the role of Nancy Crozier on the TV series airing on what network?,1.0,1.0,1.0,0.5,0.6131471927654584
LFM2 350M,naive,q337,What country do both Adnan Akmal and Kamran Akmal represent in cricket?,1.0,1.0,1.0,1.0,1.0
LFM2 350M,naive,q338,Did Franki Valli sing with Hellogoodbye or The Four Seasons?,1.0,1.0,1.0,0.5,0.6131471927654584
LFM2 350M,naive,q339,Both Sorbaria and Goldenrod are a genus of more than 50 flowering plants?,1.0,1.0,1.0,1.0,1.0
LFM2 350M,naive,q340,"What is the capacity of the Stadium, other than Kauffman Stadium, designed by Charles Deaton ?",1.0,1.0,1.0,1.0,0.9197207891481876
LFM2 350M,naive,q341,"Who is the current drummer of the band who did the song ""What Lovers Do""?",1.0,1.0,1.0,0.5,0.6131471927654584
LFM2 350M,naive,q342,What 2017 Christopher B. Landon directed American slasher film is Jessica Rothe starring in?,1.0,1.0,1.0,1.0,1.0
LFM2 350M,naive,q343,Who was the president of the Sinn Fein political party during the Hume-Adams Dialogue?,1.0,1.0,1.0,1.0,0.9197207891481876
LFM2 350M,naive,q344,Which of these battles occurred earlier--the Battle of Peleliu or the Battle of Belleau Wood?,1.0,1.0,1.0,1.0,1.0
LFM2 350M,naive,q345,Garden Island Naval Chapel is the oldest Chistian chapel of a naval branch of what defence force?,1.0,1.0,1.0,0.5,0.6131471927654584
LFM2 350M,naive,q346,Július Satinský was born in a city that has a current population of what?,1.0,1.0,1.0,1.0,1.0
LFM2 350M,naive,q347,"What was the name of the 19th century foundry which was located in a village directly across the Hudson River from Westpoint in Putnam County, New York?",0.5,0.0,1.0,0.5,0.38685280723454163
LFM2 350M,naive,q348,What fictional character created by Tom Clancy was turned into a film in 2002?,1.0,1.0,1.0,0.5,0.6131471927654584
LFM2 350M,naive,q349,Wheat salad is composed typically of what red fruit?,1.0,1.0,1.0,0.5,0.6131471927654584
LFM2 350M,naive,q350,What year did the biographical-comedy-crime film directed by Steven Soderbergh about the highest-level corporate executive whistleblower come out?,1.0,1.0,1.0,0.5,0.6131471927654584
LFM2 350M,naive,q351,"when was the album that includes the song by Dustin Lynch released to country radio on February 17, 2017?",1.0,1.0,1.0,1.0,1.0
LFM2 350M,naive,q352,"Which playwright lived a longer life, Edward Albee or J. M. Barrie?",1.0,1.0,1.0,1.0,1.0
LFM2 350M,naive,q353,Are both Rutgers University and Carnegie Mellon University located in America?,1.0,1.0,1.0,1.0,1.0
LFM2 350M,naive,q354,"Vanessa Bley is what person who organizes and often finances concerts, plays, or operas, performing a role?",1.0,1.0,1.0,1.0,1.0
LFM2 350M,naive,q355,Were Thomas H. Ince and Joseph McGrath of the same nationality?,1.0,1.0,1.0,1.0,1.0
LFM2 350M,naive,q356,Are Phlebodium and Pieris both species of ferns?,1.0,1.0,1.0,1.0,0.9197207891481876
LFM2 350M,naive,q357,Bartlett's Bridge was built by the engineer who worked for the county seat of which Massachusetts county?,1.0,1.0,1.0,1.0,1.0
LFM2 350M,naive,q358,"Which novelist, J. G. Farrell or Louis Aragon, wrote of the political and human consequences of his country's colonial rule?",1.0,1.0,1.0,1.0,1.0
LFM2 350M,naive,q359,What city did the characters from Gargoyles the Movie: The Heroes Awaken wake up in after being in an enchantedly petrified state for a thousand years?,1.0,1.0,1.0,0.5,0.6131471927654584
LFM2 350M,naive,q360,Who were the producers of the show for which Chris McKay made his feature film directorial debut?,1.0,1.0,1.0,0.5,0.6131471927654584
LFM2 350M,naive,q361,The Waterloo Vase has been used as a garden ornament at whose residence and administrative headquarters?,1.0,1.0,1.0,1.0,1.0
LFM2 350M,naive,q362,Scott Sandelin grew up in a town in what Minnesota county?,1.0,1.0,1.0,0.5,0.6131471927654584
LFM2 350M,naive,q363,The 37th Disney animated feature film Tarzan features You'll be in my heart by which artist?,1.0,1.0,1.0,1.0,0.9197207891481876
LFM2 350M,naive,q364,What type of media does J. T. Petty and Outlast have in common?,1.0,1.0,1.0,1.0,1.0
LFM2 350M,naive,q365,"Where did the architect of the Governor's House, located in Knutsford, graduate from college?",1.0,1.0,1.0,0.5,0.6131471927654584
LFM2 350M,naive,q366,"What is the latest album of Tim Hecker, the Canadian electronic music maker?",1.0,1.0,1.0,0.5,0.6131471927654584
LFM2 350M,naive,q367,What is the name of this Fortune 500 American company that operates a chain of retail home improvement stores that sponsored House Rules?,1.0,1.0,1.0,1.0,1.0
LFM2 350M,naive,q368,"For what ""first"" was Ivory Lee Brown's nephew credited for in Heisman Trophy balloting?",1.0,1.0,1.0,0.5,0.6131471927654584
LFM2 350M,naive,q369,"Haruki Murakami said that writing ""Dance Dance Dance"" had been a healing act after his unexpected fame following the publication of a novel published in which year ?",1.0,1.0,1.0,0.5,0.6131471927654584
LFM2 350M,naive,q370,Erica Packer was the second wife of what Australian businessman?,1.0,1.0,1.0,1.0,1.0
LFM2 350M,naive,q371,What type of media does Bitter Jester and Sicko have in common?,1.0,1.0,1.0,0.5,0.6131471927654584
LFM2 350M,naive,q372,"What country does Eric A. Sykes and Eccles, Greater Manchester have ion common?",1.0,1.0,1.0,1.0,0.9197207891481876
LFM2 350M,naive,q373,"What South Korean actor was a member of the pop duo TVXQ and stared in Heading to the Ground, a 2009 MBC television series?",1.0,1.0,1.0,1.0,1.0
LFM2 350M,naive,q374,"which is traditionally drunk before retiring to bed, Hot toddy or Kir?",1.0,1.0,1.0,1.0,0.9197207891481876
LFM2 350M,naive,q375,"What year was the film ""Mom"" released, starring the voice of Shashaa Tirupati?",1.0,1.0,1.0,1.0,1.0
LFM2 350M,naive,q376,For One Night Only was hosted by the man most well-known for hosting what show from 1962 until 1999?,1.0,1.0,1.0,0.5,0.6131471927654584
LFM2 350M,naive,q377,What company did Roscoe Channing form with the owner of a leading stable of thoroughbred racehorses?,1.0,1.0,1.0,1.0,1.0
LFM2 350M,naive,q378,"Jens Risom introduced what type of design, characterized by minimalism and functionality?",1.0,1.0,1.0,1.0,1.0
LFM2 350M,naive,q379,Which of the movie which has Rich Lee 3-D previsualizations was directed by Francis Lawrence?,0.0,0.0,0.0,0.0,0.0
LFM2 350M,naive,q380,What criteria subjectively qualifies the Houston Astrodome to be called the Eighth Wonder of the World?,1.0,1.0,1.0,1.0,1.0
LFM2 350M,naive,q381,"Who was born first, José Echegaray y Eizaguirre or P. J. O'Rourke?",1.0,1.0,1.0,1.0,1.0
LFM2 350M,naive,q382,Who did the Doncaster Belles play in the 1994 FA Women's Cup Final held at Glanford Park?,1.0,1.0,1.0,1.0,1.0
LFM2 350M,naive,q383,What act for Innocent Records achieved Platinum sales and shares its name with a primary color in the RGB color model?,1.0,1.0,1.0,0.5,0.6131471927654584
LFM2 350M,naive,q384,"What national historic district is located near a village in the town of Philipstown, New York?",0.5,0.0,1.0,0.5,0.38685280723454163
LFM2 350M,naive,q385,Which American writer wrote both The Ganymede Takeover (1967) and The Man in the High Castle (1962)?,1.0,1.0,1.0,1.0,1.0
LFM2 350M,naive,q386,Curt Menefee is the host of the Fox network's NFL show with co-host Michael Anthony Strahan who spent his entire 15-year career with what team?,1.0,1.0,1.0,1.0,1.0
LFM2 350M,naive,q387,Francisco Jose Hernandez was a participant in an invasion that took place in what year?,1.0,1.0,1.0,1.0,1.0
LFM2 350M,naive,q388,Dead but Rising was a song by the Danish band fomed in what city in 2001?,1.0,1.0,1.0,0.5,0.6131471927654584
LFM2 350M,naive,q389,"The man, who the award in which ""Summer of the Monkeys"" won, was a spokesman for white sector of America?",1.0,1.0,1.0,0.5,0.6131471927654584
LFM2 350M,naive,q390,Which lead actor/actress in War Chhod Na Yaar has also acted in Bengali and English-language films?,1.0,1.0,1.0,0.5,0.6131471927654584
LFM2 350M,naive,q391,What type of movie are Wishing Stairs and Voice?,1.0,1.0,1.0,1.0,1.0
LFM2 350M,naive,q392,"Which cast member of Alice Upside Down also stars in the ABC Family/Freeform drama ""Switched at Birth?""",1.0,1.0,1.0,0.5,0.6131471927654584
LFM2 350M,naive,q393,What kind of movie directed by F. Javier gutierrez did an Italian model and actress star in?,0.0,0.0,0.0,0.0,0.0
LFM2 350M,naive,q394,In which county is the English king Harold Godwinson buried?,0.0,0.0,0.0,0.0,0.0
LFM2 350M,naive,q395,"Who wrote The Devils, and was an eninent English theater, opera and film director?",1.0,1.0,1.0,0.5,0.6131471927654584
LFM2 350M,naive,q396,Which Grand Slam singles tournament have Francesca Schiavone and Olga Morozova both been finalists in?,1.0,1.0,1.0,1.0,1.0
LFM2 350M,naive,q397,"""Kapitän zur See"" Ernst Lindemann was the commander of which one of two battleships built for Nazi Germany's ""Kriegsmarine""?",0.5,0.0,1.0,0.5,0.38685280723454163
LFM2 350M,naive,q398,"Which football team does Lewis Young's older brother, Ashley Young, play for?",1.0,1.0,1.0,1.0,1.0
LFM2 350M,naive,q399,Snowdrop is a proprietary game engine first revealed with an online-only action role-playing video game developed by who?,1.0,1.0,1.0,0.5,0.6131471927654584
LFM2 350M,naive,q400,Wendy Ayche was featured in 2016 in an annual production created by Youtube and what other organization?,1.0,1.0,1.0,1.0,1.0
LFM2 350M,naive,q401,"John MacGregor, Baron MacGregor of Pulham Market was educated at the University of St Andrews and another university established by what monach?",1.0,1.0,1.0,0.5,0.6131471927654584
LFM2 350M,naive,q402,"Which game was released first, Icehouse pieces or Kill Doctor Lucky?",1.0,1.0,1.0,1.0,1.0
LFM2 350M,naive,q403,American Blues included the drummer from which American rock band?,0.5,0.0,1.0,0.5,0.38685280723454163
LFM2 350M,naive,q404,"The Indian actor and philanthropist, who starred in ""Mera Damad,"" entered the film industry in what year?",0.5,0.0,1.0,0.5,0.38685280723454163
LFM2 350M,naive,q405,The Jeep Cherokee was originally sold as a variant of a Jeep model produced during what years?,1.0,1.0,1.0,0.5,0.6131471927654584
LFM2 350M,naive,q406,Where was the person born who was recognized by MIAL and is an American soprano?,1.0,1.0,1.0,1.0,0.9197207891481876
LFM2 350M,naive,q407,"Which magazine is older, Gallery or Dime Magazine?",1.0,1.0,1.0,1.0,1.0
LFM2 350M,naive,q408,which writer has the highest number of skill  Langston Hughes or  Ian McEwan,1.0,1.0,1.0,1.0,1.0
LFM2 350M,naive,q409,How large is the shopping mall where KGOT radio station has its studios ?,1.0,1.0,1.0,0.5,0.6131471927654584
LFM2 350M,naive,q410,What are the names of the members of the Detroit-based hip hop duo who has worked with Jason Gilbert?,1.0,1.0,1.0,1.0,0.9197207891481876
LFM2 350M,naive,q411,"Which has the larger population, Shanghai or Hanggin Rear Banner?",1.0,1.0,1.0,0.5,0.6131471927654584
LFM2 350M,naive,q412,"Jacques Mathou starred in Delicatessen, the 1991 French movie in the style of which celebrated American animator?",1.0,1.0,1.0,1.0,1.0
LFM2 350M,naive,q413,"Jacques Sernas, actor in Fugitive in Trieste, was of what nationality?",1.0,1.0,1.0,1.0,1.0
LFM2 350M,naive,q414,The VMAQT-1 logo is a female spirit in Irish mythology who heralds the death of what?,1.0,1.0,1.0,1.0,1.0
LFM2 350M,naive,q415,"The actress that played the leading role in the independent film ""A Perfect Ending"" also stars with John Bregar in a 2008 film directed by who?",0.0,0.0,0.0,0.0,0.0
LFM2 350M,naive,q416,"Which band is from England, Fireflight or Dirty Pretty Things?",1.0,1.0,1.0,1.0,1.0
LFM2 350M,naive,q417,"The Bart the Fink episode of The Simpsons aired in February of 1996, and involves the host of which kiddie show?",1.0,1.0,1.0,1.0,1.0
LFM2 350M,naive,q418,"Which mall, Wilton Mall or Viaport Rotterdam, has had more owners?",1.0,1.0,1.0,1.0,0.9197207891481876
LFM2 350M,naive,q419,Which close friend of an American former basketball player was signed for to play for the Timberwolves?,1.0,1.0,1.0,0.5,0.6131471927654584
LFM2 350M,naive,q420,What is the 2010 population of the city 2.1 miles southwest of Marietta Air Force Station?,1.0,1.0,1.0,0.5,0.6131471927654584
LFM2 350M,naive,q421,Are Buried Country and South of the Border both films turned into stage performances?,1.0,1.0,1.0,1.0,1.0
LFM2 350M,naive,q422,"""A Summer in the Cage"" and ""American Hardcore"" are both what kind of film?",1.0,1.0,1.0,1.0,0.9197207891481876
LFM2 350M,naive,q423,How many novels are there in the series of novels of which Shadows in Flight is the tenth novel ?,1.0,1.0,1.0,0.5,0.6131471927654584
LFM2 350M,naive,q424,One of the coaches of Southern Methodist University also played what role at the Arizona State Sun Devils?,0.0,0.0,0.0,0.0,0.0
LFM2 350M,naive,q425,What is the height of the player who won the 2015 AFL Rising Star award?,1.0,1.0,1.0,0.5,0.6131471927654584
LFM2 350M,naive,q426,Las Vegas Festival Grounds is north of the hotel that is owned by which company?,1.0,1.0,1.0,0.5,0.6131471927654584
LFM2 350M,naive,q427,"Which musical fantasy film is older, Bedknobs and Broomsticks or The Muppet Christmas Carol?",1.0,1.0,1.0,1.0,1.0
LFM2 350M,naive,q428,"Which river system in Chilhowie, Virginia was the starting place for most Longhunters?",1.0,1.0,1.0,0.5,0.6131471927654584
LFM2 350M,naive,q429,What party does the House of Commons representative for Congleton belong to?,1.0,1.0,1.0,1.0,1.0
LFM2 350M,naive,q430,Season 2 of Rick and Morty began with the episode directed by whom?,1.0,1.0,1.0,0.5,0.6131471927654584
LFM2 350M,naive,q431,What team did the recipient of the 2007 Brownlow Medal play for?,1.0,1.0,1.0,0.5,0.6131471927654584
LFM2 350M,naive,q432,Were both the Battle of Stones River and the Battle of the Ch'ongch'on River fought in the 19th century?,1.0,1.0,1.0,1.0,1.0
LFM2 350M,naive,q433,"Who has more scope of profession, Phil Rosen or  Delmer Daves?",1.0,1.0,1.0,1.0,1.0
LFM2 350M,naive,q434,"Which band has more members, Test Icicles or X Ambassadors?",1.0,1.0,1.0,1.0,1.0
LFM2 350M,naive,q435,The movies The Boatniks and The Great Locomotive Chase were both made by which production company?,1.0,1.0,1.0,1.0,1.0
LFM2 350M,naive,q436,How long is the river for which Frenchmans Creek is a tributary?,1.0,1.0,1.0,0.5,0.6131471927654584
LFM2 350M,naive,q437,Where is the school that Tyler Kalinoski went to located?,1.0,1.0,1.0,0.5,0.6131471927654584
LFM2 350M,naive,q438,Ambrose Mendy has managed and/or advised a British professional boxer that as of July 2017 is ranked the world's seventh best super middleweight by who?,1.0,1.0,1.0,1.0,1.0
LFM2 350M,naive,q439,"Rejuvelac is kind of grain water invented and promoted by a ""holistic health"" practitioner born in which year ?",1.0,1.0,1.0,0.5,0.6131471927654584
LFM2 350M,naive,q440,What town host an annual media finance conference that has featured an Australian-born American media mogul?,1.0,1.0,1.0,1.0,1.0
LFM2 350M,naive,q441,Ronald Reagan and George H. W. Bush both held which position in office?,1.0,1.0,1.0,1.0,1.0
LFM2 350M,naive,q442,"In between The Bears and I and Oceans which was released on July 31, 1974, by Buena Vista Distribution?",1.0,1.0,1.0,0.5,0.6131471927654584
LFM2 350M,naive,q443,What book provided the foundation for Masters and Johnson's research team?,1.0,1.0,1.0,0.5,0.6131471927654584
LFM2 350M,naive,q444,"What star of ""Attack of the Gryphon"" was also a voice artist in Johnny Bravo?",1.0,1.0,1.0,1.0,0.9197207891481876
LFM2 350M,naive,q445,"Which fantasy film from 1971 featured the song ""The Age of Not Believing""?",1.0,1.0,1.0,1.0,1.0
LFM2 350M,naive,q446,Mick Carter is the landlord of a public house located at what address?,1.0,1.0,1.0,0.5,0.6131471927654584
LFM2 350M,naive,q447,"What television thriller anthology did the winner of one Golden Globe, two tony Awards and six Primetime Emmy Awards appear on?",0.0,0.0,0.0,0.0,0.0
LFM2 350M,naive,q448,What Cayman Islands registered Mandarin and Cantonese-language television broadcaster launched Phoenix Hong Kong Channel on 28 March 2011?,1.0,1.0,1.0,1.0,1.0
LFM2 350M,naive,q449,What is the name of the film starring Rose McGowan and features the character Earl McGraw's daughter?,0.0,0.0,0.0,0.0,0.0
LFM2 350M,naive,q450,"Chimaja Appawas the younger brother of a general of the Maratha Empire in India, who served as what to the fifth Maratha Chhatrapati Shahu from 1720 until his death?",1.0,1.0,1.0,1.0,0.9197207891481876
LFM2 350M,naive,q451,What is the name of the oldest child that attended the Trump campaign-Russian meeting?,1.0,1.0,1.0,1.0,1.0
LFM2 350M,naive,q452,The 1st Virginia Regiment saw action at a battle that led to the departure of what Royal Governor?,1.0,1.0,1.0,0.5,0.6131471927654584
LFM2 350M,naive,q453,"Which Argentine telenovela broadcast by Telefe from March 12 to December 19, 2012 starred Isabel Macedo as Jimena Benitez?",1.0,1.0,1.0,0.5,0.6131471927654584
LFM2 350M,naive,q454,What was position of the man who served Prince Andrew from 1990-2001?,1.0,1.0,1.0,0.5,0.6131471927654584
LFM2 350M,naive,q455,Are Agee and To Shoot an Elephant both documentaries about war?,1.0,1.0,1.0,1.0,1.0
LFM2 350M,naive,q456,"What shallow water table aquifer is located near the county seat of Keith County, Nebraska?",1.0,1.0,1.0,1.0,0.9197207891481876
LFM2 350M,naive,q457,Who was born first Mahbub ul Haq or Ibn Arabi?,0.5,0.0,1.0,0.5,0.38685280723454163
LFM2 350M,naive,q458,What does the goddess associated with the goddess frigg  consists of what tales?,1.0,1.0,1.0,0.5,0.6131471927654584
LFM2 350M,naive,q459,"What competition held in Kathmandu, Nepal did Julian Bolling compete in 1984?",1.0,1.0,1.0,1.0,1.0
LFM2 350M,naive,q460,William Pery served as Captain of the Yeomen of the Guard under the lord who served in what position from 1865 to 1868?,1.0,1.0,1.0,0.5,0.6131471927654584
LFM2 350M,naive,q461,William Cammisano was part of which Mafia family?,1.0,1.0,1.0,0.5,0.6131471927654584
LFM2 350M,naive,q462,1956 Night Series Cup games were played at what inner suburb of Melbourne that is 3km south of Melbourne's central business district?,1.0,1.0,1.0,1.0,0.9197207891481876
LFM2 350M,naive,q463,When did the game which held three times in  in East Asia first held,0.5,0.0,1.0,0.5,0.38685280723454163
LFM2 350M,naive,q464,Blinding Edge Pictures produced which 2000 film starring Bruce Willis?,1.0,1.0,1.0,1.0,1.0
LFM2 350M,naive,q465,"What kind of dinosaur does Raymond Ochoa voice in the Pixar film ""The Good Dinosaur""?",1.0,1.0,1.0,1.0,1.0
LFM2 350M,naive,q466,Which American Space Western animated series did Celebrity Home Entertainment released,1.0,1.0,1.0,0.5,0.6131471927654584
LFM2 350M,naive,q467,How are elephants connected to Gajabrishta?,1.0,1.0,1.0,1.0,1.0
LFM2 350M,naive,q468,"Which battle occurred first, the Battle of Manila or the Battle of Guam?",1.0,1.0,1.0,1.0,0.9197207891481876
LFM2 350M,naive,q469,Kam Heskin plays Paige Morgan in a 2004 film directed by who?,1.0,1.0,1.0,1.0,1.0
LFM2 350M,naive,q470,"What 2016 film stars actor Xavier Samuel and an actress who portrayed Vasilisa Dragomir in the film ""Vampire Academy""?",0.5,0.0,1.0,0.5,0.38685280723454163
LFM2 350M,naive,q471,What type of profession does Ithu Engal Neethi and Shoba Chandrasekhar have in common?,1.0,1.0,1.0,1.0,1.0
LFM2 350M,naive,q472,In what field does the firm at which Claudio Fernández-Aráoz was a currently a senior adviser offers services?,1.0,1.0,1.0,0.5,0.6131471927654584
LFM2 350M,naive,q473,Eric Ambler and Carol Shields are both best Known for what profession?,1.0,1.0,1.0,1.0,1.0
LFM2 350M,naive,q474,"Which ""Official Ireland"" group comprises about  78.3% of the population of Ireland?",1.0,1.0,1.0,1.0,1.0
LFM2 350M,naive,q475,Where was the telefilm shot that was based on the 1977 Katherine Paterson book?,0.5,0.0,1.0,0.5,0.38685280723454163
LFM2 350M,naive,q476,Which American cable news and talk radio host was the former GOP representative,1.0,1.0,1.0,1.0,0.9197207891481876
LFM2 350M,naive,q477,"What Division was the college footbal team that fired their head coach on November 24, 2006?",0.5,0.0,1.0,0.5,0.38685280723454163
LFM2 350M,naive,q478,"Which is a Macedonian weekly, Hänt Extra or Tea Moderna?",1.0,1.0,1.0,1.0,1.0
LFM2 350M,naive,q479,What is the shared country of ancestry between Art Laboe and Scout Tufankjian?,1.0,1.0,1.0,1.0,1.0
LFM2 350M,naive,q480,Who programmed a cartridge-based development system made by a company noted for authoring Atari's BASIC?,0.5,0.0,1.0,0.5,0.38685280723454163
LFM2 350M,naive,q481,"Which record label released Van Morrison's ""I've Been Working"" on the album ""His Band and the Street Choir""?",1.0,1.0,1.0,1.0,1.0
LFM2 350M,naive,q482,Hate Them is the ninth album by a band likened to who?,1.0,1.0,1.0,0.5,0.6131471927654584
LFM2 350M,naive,q483,"How did Emilie du Chatelet, Voltaire's love, contribute to the basic laws of physics?",1.0,1.0,1.0,1.0,1.0
LFM2 350M,naive,q484,Were Goo Goo Dolls and Echosmith formed in the same city?,1.0,1.0,1.0,1.0,1.0
LFM2 350M,naive,q485,The Detroit mayoral elections of 2009 took place to fill the vacancy created by a politician who was sentenced to what?,1.0,1.0,1.0,1.0,1.0
LFM2 350M,naive,q486,In what year was the team that Luke Clark plays either right back or central midfielder for founded?,1.0,1.0,1.0,0.5,0.6131471927654584
LFM2 350M,naive,q487,What genre of music was played by both Tappi Tíkarrass and INXS?,1.0,1.0,1.0,1.0,0.9197207891481876
LFM2 350M,naive,q488,A puzzle-platform video game developed by the Valve Corporation is part of what 2012 action-adventure game?,1.0,1.0,1.0,0.5,0.6131471927654584
LFM2 350M,naive,q489,What produces the hormone that promotes sodium retention in the distal nephron?,1.0,1.0,1.0,1.0,1.0
LFM2 350M,naive,q490,How many Senate seats will be contested during the midterm elections that Nancy Soderberg has filed to run for Congress in?,1.0,1.0,1.0,0.5,0.6131471927654584
LFM2 350M,naive,q491,In between Berghuis v. Thompkins and Mississippi University for Women v. Hogan which one was a  case decided 5-4 by the Supreme Court of the United States?,1.0,1.0,1.0,1.0,1.0
LFM2 350M,naive,q492,Which jazz singer has a 2003 album entitled The Boy Next Door?,1.0,1.0,1.0,0.5,0.6131471927654584
LFM2 350M,naive,q493,The actor who appeared on Charlotte's Shorts and Weeds was born in what year?,0.5,0.0,1.0,0.5,0.38685280723454163
LFM2 350M,naive,q494,"After he was contracted by the team that is headquartered in Affalterbach, Baden-Württemberg, Germany, Dario Franchitti competed in what series?",1.0,1.0,1.0,0.5,0.6131471927654584
LFM2 350M,naive,q495,"In which year did this division, where Cleveland Browns placed fourth in 2009, adopt its current name?",1.0,1.0,1.0,1.0,1.0
LFM2 350M,naive,q496,How many restaurants comprise the quick service restaurant chain that Ron Joyce helped found?,0.5,0.0,1.0,0.5,0.38685280723454163
LFM2 350M,naive,q497,Anthony Avent played basketball fo a High School that is located in a city approcimately 8 mi west of where?,1.0,1.0,1.0,0.5,0.6131471927654584
LFM2 350M,naive,q498,What edition of tennis' US Open was the 2017 US Open when Petra Kvitova was a quarterfinalist?,1.0,1.0,1.0,0.5,0.6131471927654584
LFM2 350M,naive,q499,Walt Zeboski photographed which 40th President during his campaign in 1980?,1.0,1.0,1.0,1.0,0.9197207891481876
LFM2 350M,naive,q500,"What type of film are both ""500 Years Later"" and ""Manson""?",1.0,1.0,1.0,1.0,1.0
LFM2 350M,naive,q501,Who was the film which was Kim Dae-woo's directing debut about ?,1.0,1.0,1.0,0.5,0.6131471927654584
LFM2 350M,naive,q502,Which city was the man who is known for a science humor story based on the tongue-in-cheek combination of two adages born in?,0.3333333333333333,0.0,1.0,0.5,0.3065735963827292
LFM2 350M,naive,q503,What was the largest passenger capacity of the plane type used for BOAC Flight 911 ?,1.0,1.0,1.0,0.5,0.6131471927654584
LFM2 350M,naive,q504,"What is the birthday of this Anglo-Irish actress, courtean, and mistress, who was the mother to the illegitimate daughter of King William IV?",1.0,1.0,1.0,0.5,0.6131471927654584
LFM2 350M,naive,q505,"During which years was the model of car, featured on the cover of Earth's ""Pentastar: In the Style of Demons"" manufactured?",0.0,0.0,0.0,0.0,0.0
LFM2 350M,naive,q506,"The ""civic rally cross"" was sold alongside what other model sold exclusively in Japan at Honda Verno dealerships?",0.0,0.0,0.0,0.0,0.0
LFM2 350M,naive,q507,Is Gasherbrum II or Nuptse closest to the tallest mountain in the world?,1.0,1.0,1.0,1.0,0.9197207891481876
LFM2 350M,naive,q508,Which constituent college of the University of Oxford endows four professorial fellowships for sciences including chemistry and pure mathematics?,1.0,1.0,1.0,1.0,1.0
LFM2 350M,naive,q509,"In what London botanical garden can you find the fungus described by Elise Maud Wakefield as ""Lepiota""?",1.0,1.0,1.0,1.0,0.9197207891481876
LFM2 350M,naive,q510,"Who collaborated with Rihanna on the album release ""Numb""?",1.0,1.0,1.0,0.5,0.6131471927654584
LFM2 350M,naive,q511,Christopher Oscar Pena was recognized by an entertainment-industry brand aimed at what?,1.0,1.0,1.0,0.5,0.6131471927654584
LFM2 350M,naive,q512,"What was the nationality of the actor playing a Russian hostage taker in ""Hostage for a Day""?",1.0,1.0,1.0,0.5,0.6131471927654584
LFM2 350M,naive,q513,The Argentine National Anthem was adopted 3 years after which event that led to the removal of Viceroy Baltasar Hildalgo de Cisneros?,1.0,1.0,1.0,0.5,0.6131471927654584
LFM2 350M,naive,q514,What professions did S. Sylvan Simon and Danny Cannon have in common?,1.0,1.0,1.0,1.0,1.0
LFM2 350M,naive,q515,What number album is the first W.A.S.P. album to feature Steven Edward Duren playing guitar?,1.0,1.0,1.0,0.5,0.6131471927654584
LFM2 350M,naive,q516,What city did the Freebooters F.C. soccer team lose in that is now known as Croke Park?,1.0,1.0,1.0,1.0,1.0
LFM2 350M,naive,q517,What screenplay was worked on by both Edward Carfagno and Miklos Rozsa?,1.0,1.0,1.0,0.5,0.6131471927654584
LFM2 350M,naive,q518,Which avant-garde Japanese composer studied with John Cage and wrote Music for Electric Metronomes?,1.0,1.0,1.0,1.0,1.0
LFM2 350M,naive,q519,"Where is the academy, for which Joseph D. Stewart was appointed Superintendent, located?",1.0,1.0,1.0,0.5,0.6131471927654584
LFM2 350M,naive,q520,James Spedding was chiefly known as the editor of the works of an author who served both as Attorney General and as what?,1.0,1.0,1.0,1.0,1.0
LFM2 350M,naive,q521,"Which movie directed by James Gunn portrayed the fictional character, Ego the Living Planet?",1.0,1.0,1.0,0.5,0.6131471927654584
LFM2 350M,naive,q522,"The Government of Canada, which is the federal administration of Canada, is involved in what scandal in the province of Quebec?",1.0,1.0,1.0,1.0,1.0
LFM2 350M,naive,q523,"who had to escape nazis, Sigmund Freud or Evelyn Waugh?",1.0,1.0,1.0,1.0,1.0
LFM2 350M,naive,q524,Conrad Anker located the body of a mountaineer who took part it the first three British expeditions to which mountain?,1.0,1.0,1.0,1.0,0.9197207891481876
LFM2 350M,naive,q525,José Saramago and Ivo Andrić were recipients of what award in Literature?,1.0,1.0,1.0,1.0,1.0
LFM2 350M,naive,q526,Are Chlidanthus and Maianthemum both flowering plants?,1.0,1.0,1.0,1.0,1.0
LFM2 350M,naive,q527,The Duke Steps Out stars an actress who was ranked tenth on a list of greatest female Hollywood stars in what year?,1.0,1.0,1.0,1.0,1.0
LFM2 350M,naive,q528,What drum machine was introduced in 1989 and allowed 32 notes to be played simultaneously?,1.0,1.0,1.0,0.5,0.6131471927654584
LFM2 350M,naive,q529,"Which band was formed first, Wavves or Social Code?",1.0,1.0,1.0,1.0,1.0
LFM2 350M,naive,q530,Iselin Solheim provided vocals in the song released on what date?,1.0,1.0,1.0,0.5,0.6131471927654584
LFM2 350M,naive,q531,"What took place first, The Korean War or The Western Allied invasion of Germany?",1.0,1.0,1.0,1.0,1.0
LFM2 350M,naive,q532,Are Mauritz Stiller and Johannes Grenzfurthner both of the same nationality?,1.0,1.0,1.0,1.0,1.0
LFM2 350M,naive,q533,Luke Null is an actor who was on the program that premiered its 43rd season on which date?,1.0,1.0,1.0,0.5,0.6131471927654584
LFM2 350M,naive,q534,"With whom did this American singer, songwriter and record producer, who contributed to the single ""Marvin Gaye"" with Julie Frost, co-produced and performed the 2015 song for a movie soundtrack?",0.3333333333333333,0.0,1.0,0.5,0.3065735963827292
LFM2 350M,naive,q535,"In what year did the Guild of Music Supervisors Awards recognize a British-American romantic drama film based on the 1952 romance novel ""The Price of Salt"" starring Cate Blanchett?",1.0,1.0,1.0,0.5,0.6131471927654584
LFM2 350M,naive,q536,"Who has released more studio albums, Candlelight Red or Motion City Soundtrack?",1.0,1.0,1.0,1.0,1.0
LFM2 350M,naive,q537,What number president was Annie Caputo nominated by to become a member of the Nuclear Regulatory Commission?,1.0,1.0,1.0,0.5,0.6131471927654584
LFM2 350M,naive,q538,Jack Alfred Evans played with a football club team that is based in what city in Australia?,1.0,1.0,1.0,0.5,0.6131471927654584
LFM2 350M,naive,q539,What is the date of birth of the English inventor that developed the Richard Hornsby & Sons oil engine?,0.5,0.0,1.0,1.0,0.6934264036172708
LFM2 350M,naive,q540,Where was the sports complex at which Will Brodie made his debut in the thirty-five point loss against Melbourne located?,1.0,1.0,1.0,0.5,0.6131471927654584
LFM2 350M,naive,q541,Cardinal Pole Roman Catholic School was named after the last Roman Catholic to hold what position?,1.0,1.0,1.0,1.0,1.0
LFM2 350M,naive,q542,"What job did Jörgen Smit work, where he was working in the world center for the anthroposophical movement?",1.0,1.0,1.0,1.0,1.0
LFM2 350M,naive,q543,The Dogwoman telemovies were created by an actress born in what year?,1.0,1.0,1.0,0.5,0.6131471927654584
LFM2 350M,naive,q544,Southeastern Illinois College offers an undergraduate academic degree considered to be greater level of education than what?,0.5,0.0,1.0,1.0,0.6934264036172708
LFM2 350M,naive,q545,The American Sweetgum is the hostplant of what kind of bug?,0.5,0.0,1.0,0.5,0.38685280723454163
LFM2 350M,naive,q546,The first book in the Sprawl Trilogy won what three awards?,1.0,1.0,1.0,0.5,0.6131471927654584
LFM2 350M,naive,q547,What drug is among the list of illegal drugs in the Philippines and can be taken by mouth or by injection?,1.0,1.0,1.0,0.5,0.6131471927654584
LFM2 350M,naive,q548,"The telenova ""El Ardiente Secreto"" was based ona novel published under what pen name?",1.0,1.0,1.0,0.5,0.6131471927654584
LFM2 350M,naive,q549,In the 2012-13 FC Sion they brought in Gennaro Gattuso and a player who now plays for what Scottish team?,1.0,1.0,1.0,0.5,0.6131471927654584
LFM2 350M,naive,q550,"WAVN is a Gospel formatted broadcast radio station tied to which city in DeSoto County, Mississippi?",1.0,1.0,1.0,0.5,0.6131471927654584
LFM2 350M,naive,q551,"The Azad Hind Dal was created by an Indian nationalist whose defiant patriotism made him a hero in India, but whose attempt to rid India of British rule during what war left a troubled legacy?",1.0,1.0,1.0,1.0,1.0
LFM2 350M,naive,q552,"What English stand-up comedian has a style of comedy full of ""stream-of-conscious banter""?",0.5,0.0,1.0,0.5,0.38685280723454163
LFM2 350M,naive,q553,Are both Jim McBride and Neil Jordan American?,1.0,1.0,1.0,1.0,1.0
LFM2 350M,naive,q554,What was the highest ranking in the United States for a single written by an English multi-instrumentalist?,0.0,0.0,0.0,0.0,0.0
LFM2 350M,naive,q555,Woman's Era and Naj are what kind of magazines?,1.0,1.0,1.0,1.0,1.0
LFM2 350M,naive,q556,Name a musician that worked with Hiren Roy and Vilayat Khan.,1.0,1.0,1.0,1.0,1.0
LFM2 350M,naive,q557,Are the flowering plants Ecballium and Elatostema in the same family?,1.0,1.0,1.0,1.0,1.0
LFM2 350M,naive,q558,Are Ganzhou and Jimo District both located in China?,0.5,0.0,1.0,1.0,0.6934264036172708
LFM2 350M,naive,q559,"Which has more species, Aichryson or Polypodium?",1.0,1.0,1.0,1.0,1.0
LFM2 350M,naive,q560,"Who is the psychologist who wrote about the disciple of the person known as the ""Wild Woman of Buttle""?",0.0,0.0,0.0,0.0,0.0
LFM2 350M,naive,q561,The Adoption and Safe Families Act and the Adoption 2002 Initiative were both instituted under which administration?,1.0,1.0,1.0,1.0,1.0
LFM2 350M,naive,q562,"Which band formed in England, Of Montreal or Vib Gyor?",1.0,1.0,1.0,1.0,0.9197207891481876
LFM2 350M,naive,q563,"Gualdo Tadino Cathedral, a Roman Catholic cathedral, was dedicated to Saint Bendict of Nursia who is a patron saint of what continent?",1.0,1.0,1.0,1.0,1.0
LFM2 350M,naive,q564,Where was the coach of the 1999 Oklahoma State Cowboys football team hired in 2013?,1.0,1.0,1.0,0.5,0.6131471927654584
LFM2 350M,naive,q565,Who is the author of the 1993 production Madge Ryan participated in?,1.0,1.0,1.0,0.5,0.6131471927654584
LFM2 350M,naive,q566,What are both James Hetfield and Bob Marley?,1.0,1.0,1.0,1.0,1.0
LFM2 350M,naive,q567,On what date will the comedy film directed by Kevin Tent and starring the Bulgarian-Canadian actress known for portraying the role of Mia Jones be released on video on demand services?,1.0,1.0,1.0,1.0,1.0
LFM2 350M,naive,q568,Which company owns the hotel on whose premises the Cotal Arena is located ?,1.0,1.0,1.0,0.5,0.6131471927654584
LFM2 350M,naive,q569,Rex Riot is known for a remix of the Kanye West song that was from which album?,1.0,1.0,1.0,0.5,0.6131471927654584
LFM2 350M,naive,q570,"The Company They Keep is a book written by Diana Pavlac Glyer, who is a professor at a university in Azusa, California, that was founded in 1899, and is under the auspices of what religion?",1.0,1.0,1.0,1.0,1.0
LFM2 350M,naive,q571,What city and nation was the location of the 2015 Pacific Games where the Kiribati national basketball team finished with a 0-4 record?,1.0,1.0,1.0,0.5,0.6131471927654584
LFM2 350M,naive,q572,What was the release date and price for the release of Mac OS X that has the software for creating WWF files?,1.0,1.0,1.0,1.0,1.0
LFM2 350M,naive,q573,"Which author influenced the animated Easter television special ""The First Easter Rabbit""?",1.0,1.0,1.0,0.5,0.6131471927654584
LFM2 350M,naive,q574,Ms. Knope Goes to Washington is the fifth season premiere of an American political comedy television sitcom starring Amy Poehler as who?,1.0,1.0,1.0,1.0,1.0
LFM2 350M,naive,q575,Lorenzo Monaco was influenced by which Italian painter and architect?,1.0,1.0,1.0,0.5,0.6131471927654584
LFM2 350M,naive,q576,"The 2011 La Manga Cup was won by Viking, who beat which Norwegian football club from the town of Kristiansand, currently playing in Tippeligaen having been promoted from Adeccoligaen in 2012?",1.0,1.0,1.0,1.0,1.0
LFM2 350M,naive,q577,"When did the tour begin for the album Taylor Swift released on October 22, 2012?",1.0,1.0,1.0,1.0,1.0
LFM2 350M,naive,q578,At which university did the notable psychoanalyst associated with the University of Chicago serve most of his career as a professor of psychiatry?,1.0,1.0,1.0,1.0,0.9197207891481876
LFM2 350M,naive,q579,"Chicagoland Sports Hall of Fame was founded by the company located in what Washington town, near the state capital?",1.0,1.0,1.0,0.5,0.6131471927654584
LFM2 350M,naive,q580,"The album ""The Best of LeAnn Rimes"" contained a song used as the theme song for a film. What is the name of the film?",0.5,0.0,1.0,1.0,0.6934264036172708
LFM2 350M,naive,q581,My Secret Hotel is a television series starring a South Korean DJ who rose to fame as the lead actress in what?,1.0,1.0,1.0,0.5,0.6131471927654584
LFM2 350M,naive,q582,Where was the author of Thoughts of Machiavelli born?,1.0,1.0,1.0,0.5,0.6131471927654584
LFM2 350M,naive,q583,The was the album with the song  Unbelievable by American rapper The Notorious B.I.G released?,1.0,1.0,1.0,0.5,0.6131471927654584
LFM2 350M,naive,q584,Which NCAA record does the quarterback of the Minnesota Vikings hold?,0.5,0.0,1.0,0.5,0.38685280723454163
LFM2 350M,naive,q585,"Which king of Northumbria did The ""Historia"" gives the abbot central place in his election as king",1.0,1.0,1.0,0.5,0.6131471927654584
LFM2 350M,naive,q586,What foundation do scholars give for the likelihood of collaboration on a William Shakespeare Play written between 1588 and 1593?,0.5,0.0,1.0,1.0,0.6934264036172708
LFM2 350M,naive,q587,"Fantasy Records is know for recordings of comedian Lenny Bruce, Creedence Clearwater Revival, and what American jazz pianist who composed the music for the animated television adaptations of the ""Peanuts"" comic strip?",1.0,1.0,1.0,1.0,1.0
LFM2 350M,naive,q588,When was the date of birth of one of the founder of Congo Reform Association?,1.0,1.0,1.0,0.5,0.6131471927654584
LFM2 350M,naive,q589,Which country borders the Central African Republic and is south of Libya and east of Niger?,1.0,1.0,1.0,1.0,1.0
LFM2 350M,naive,q590,Which piece did Ludwig van Beethoven publish in 1801 that was dedicated to Count Moritz von Fries?,1.0,1.0,1.0,1.0,0.9197207891481876
LFM2 350M,naive,q591,"The American restaurant chain, the Original House of Pies, is also responsible for an American chain of fruit drink beverage stores with an eponymous beverage consisting of what?",1.0,1.0,1.0,1.0,1.0
LFM2 350M,naive,q592,Red Mountain is a film that centers on an attempt by a group of what group of Civil War rangers?,1.0,1.0,1.0,0.5,0.6131471927654584
LFM2 350M,naive,q593,"In what year did the actor who starred in the TV Land original series ""The Soul Man"" host the Black Movie Awards?",0.0,0.0,0.0,0.0,0.0
LFM2 350M,naive,q594,"Which band has released the most studio albums, Blonde Redhead or Rob Zombie's band White Zombie?",1.0,1.0,1.0,1.0,1.0
LFM2 350M,naive,q595,What type of engine powered both the Saab 36 and the Avro Vulcan?,1.0,1.0,1.0,1.0,1.0
LFM2 350M,naive,q596,"Who was born first, Krzysztof Zanussi or Thom Andersen?",1.0,1.0,1.0,1.0,1.0
LFM2 350M,naive,q597,Where was the movement that August Brancart published literature from centerd?,1.0,1.0,1.0,1.0,1.0
LFM2 350M,naive,q598,Caste starred what English character actress who was nominated for an Academ Award for her performance in Room at the Top?,1.0,1.0,1.0,0.5,0.6131471927654584
LFM2 350M,naive,q599,What movie is the the Spinning turtle attraction in the worlds 21st largest theme park based off of?,1.0,1.0,1.0,0.5,0.6131471927654584
LFM2 350M,naive,q600,"When was the American actor, film director which  Dana Brunetti is the president of his company born",1.0,1.0,1.0,0.5,0.6131471927654584
LFM2 350M,advanced,q1,Were Scott Derrickson and Ed Wood of the same nationality?,1.0,1.0,1.0,1.0,1.0
LFM2 350M,advanced,q2,What government position was held by the woman who portrayed Corliss Archer in the film Kiss and Tell?,1.0,1.0,1.0,0.5,0.6131471927654584
LFM2 350M,advanced,q3,"What science fantasy young adult series, told in first person, has a set of companion books narrating the stories of enslaved worlds and alien species?",0.0,0.0,0.0,0.0,0.0
LFM2 350M,advanced,q4,Are the Laleli Mosque and Esma Sultan Mansion located in the same neighborhood?,1.0,1.0,1.0,1.0,1.0
LFM2 350M,advanced,q5,"The director of the romantic comedy ""Big Stone Gap"" is based in what New York city?",1.0,1.0,1.0,0.5,0.6131471927654584
LFM2 350M,advanced,q6,2014 S/S is the debut album of a South Korean boy group that was formed by who?,1.0,1.0,1.0,0.5,0.6131471927654584
LFM2 350M,advanced,q7,Who was known by his stage name Aladin and helped organizations improve their performance as a consultant?,1.0,1.0,1.0,1.0,1.0
LFM2 350M,advanced,q8,The arena where the Lewiston Maineiacs played their home games can seat how many people?,1.0,1.0,1.0,0.5,0.6131471927654584
LFM2 350M,advanced,q9,"Who is older, Annie Morton or Terry Richardson?",1.0,1.0,1.0,1.0,1.0
LFM2 350M,advanced,q10,Are Local H and For Against both from the United States?,0.0,0.0,0.0,0.0,0.0
LFM2 350M,advanced,q11,"What is the name of the fight song of the university whose main campus is in Lawrence, Kansas and whose branch campuses are in the Kansas City metropolitan area?",1.0,1.0,1.0,1.0,1.0
LFM2 350M,advanced,q12,"What screenwriter with credits for ""Evolution"" co-wrote a film starring Nicolas Cage and Téa Leoni?",0.5,0.0,1.0,0.5,0.38685280723454163
LFM2 350M,advanced,q13,What year did Guns N Roses perform a promo for a movie starring Arnold Schwarzenegger as a former New York Police detective?,0.0,0.0,0.0,0.0,0.0
LFM2 350M,advanced,q14,Are Random House Tower and 888 7th Avenue both used for real estate?,1.0,1.0,1.0,1.0,1.0
LFM2 350M,advanced,q15,The football manager who recruited David Beckham managed Manchester United during what timeframe?,0.0,0.0,0.0,0.0,0.0
LFM2 350M,advanced,q16,Brown State Fishing Lake is in a country that has a population of how many inhabitants ?,1.0,1.0,1.0,0.5,0.6131471927654584
LFM2 350M,advanced,q17,The Vermont Catamounts men's soccer team currently competes in a conference that was formerly known as what from 1988 to 1996?,1.0,1.0,1.0,0.5,0.6131471927654584
LFM2 350M,advanced,q18,Are Giuseppe Verdi and Ambroise Thomas both Opera composers ?,1.0,1.0,1.0,1.0,1.0
LFM2 350M,advanced,q19,Roger O. Egeberg was Assistant Secretary for Health and Scientific Affairs during the administration of a president that served during what years?,1.0,1.0,1.0,0.5,0.6131471927654584
LFM2 350M,advanced,q20,"Which writer was from England, Henry Roth or Robert Erskine Childers?",1.0,1.0,1.0,1.0,0.9197207891481876
LFM2 350M,advanced,q21,Which other Mexican Formula One race car driver has held the podium besides the Force India driver born in 1990?,1.0,1.0,1.0,1.0,1.0
LFM2 350M,advanced,q22,This singer of A Rather Blustery Day also voiced what hedgehog?,1.0,1.0,1.0,1.0,1.0
LFM2 350M,advanced,q23,"Aside from the Apple Remote, what other device can control the program Apple Remote was originally designed to interact with?",1.0,1.0,1.0,0.5,0.6131471927654584
LFM2 350M,advanced,q24,"Which performance act has a higher instrument to person ratio, Badly Drawn Boy or Wolf Alice?",1.0,1.0,1.0,0.5,0.6131471927654584
LFM2 350M,advanced,q25,What was the father of Kasper Schmeichel voted to be by the IFFHS in 1992?,1.0,1.0,1.0,1.0,1.0
LFM2 350M,advanced,q26,Who was the writer of These Boots Are Made for Walkin' and who died in 2007?,0.0,0.0,0.0,0.0,0.0
LFM2 350M,advanced,q27,"The 2011–12 VCU Rams men's basketball team, led by third year head coach Shaka Smart, represented Virginia Commonwealth University which was founded in what year?",1.0,1.0,1.0,1.0,0.9197207891481876
LFM2 350M,advanced,q28,"Are both Dictyosperma, and Huernia described as a genus?",1.0,1.0,1.0,1.0,1.0
LFM2 350M,advanced,q29,Kaiser Ventures corporation was founded by an American industrialist who became known as the father of modern American shipbuilding?,1.0,1.0,1.0,1.0,1.0
LFM2 350M,advanced,q30,"What is the name for the adventure in ""Tunnels and Trolls"", a game designed by Ken St. Andre?",0.5,0.0,1.0,0.5,0.38685280723454163
LFM2 350M,advanced,q31,"When was Poison's album ""Shut Up, Make Love"" released?",1.0,1.0,1.0,1.0,1.0
LFM2 350M,advanced,q32,"Hayden is a singer-songwriter from Canada, but where does Buck-Tick hail from?",1.0,1.0,1.0,1.0,1.0
LFM2 350M,advanced,q33,Which  French ace pilot and adventurer fly L'Oiseau Blanc,1.0,1.0,1.0,1.0,1.0
LFM2 350M,advanced,q34,Are Freakonomics and In the Realm of the Hackers both American documentaries?,0.5,0.0,1.0,0.5,0.38685280723454163
LFM2 350M,advanced,q35,"Which band, Letters to Cleo or Screaming Trees, had more members?",1.0,1.0,1.0,1.0,1.0
LFM2 350M,advanced,q36,Alexander Kerensky was defeated and destroyed by the Bolsheviks in the course of a civil war that ended when ?,0.5,0.0,1.0,0.5,0.38685280723454163
LFM2 350M,advanced,q37,Seven Brief Lessons on Physics was written by an Italian physicist that has worked in France since what year?,1.0,1.0,1.0,1.0,0.9197207891481876
LFM2 350M,advanced,q38,"The Livesey Hal War Memorial commemorates the fallen of which war, that had over 60 million casualties?",1.0,1.0,1.0,1.0,1.0
LFM2 350M,advanced,q39,Are both Elko Regional Airport and Gerald R. Ford International Airport located in Michigan?,1.0,1.0,1.0,1.0,1.0
LFM2 350M,advanced,q40,Ralph Hefferline was a psychology professor at a university that is located in what city?,1.0,1.0,1.0,0.5,0.6131471927654584
LFM2 350M,advanced,q41,Which dog's ancestors include Gordon and Irish Setters: the Manchester Terrier or the Scotch Collie?,1.0,1.0,1.0,1.0,1.0
LFM2 350M,advanced,q42,Where is the company that Sachin Warrier worked for as a software engineer headquartered?,1.0,1.0,1.0,0.5,0.6131471927654584
LFM2 350M,advanced,q43,"A Japanese manga series based on a 16 year old high school student Ichitaka Seto, is written and illustrated by someone born in what year?",1.0,1.0,1.0,0.5,0.6131471927654584
LFM2 350M,advanced,q44,The battle in which Giuseppe Arimondi lost his life secured what for Ethiopia?,1.0,1.0,1.0,0.5,0.6131471927654584
LFM2 350M,advanced,q45,Alfred Balk served as the secretary of the Committee on the Employment of Minority Groups in the News Media under which United States Vice President?,0.0,0.0,0.0,0.0,0.0
LFM2 350M,advanced,q46,"A medieval fortress in Dirleton, East Lothian, Scotland borders on the south side of what coastal area?",1.0,1.0,1.0,1.0,1.0
LFM2 350M,advanced,q47,Who is the writer of this song that was inspired by words on a tombstone and was the first track on the box set Back to Mono?,1.0,1.0,1.0,0.5,0.6131471927654584
LFM2 350M,advanced,q48,What type of forum did a former Soviet statesman initiate?,0.0,0.0,0.0,0.0,0.0
LFM2 350M,advanced,q49,Are Ferocactus and Silene both types of plant?,1.0,1.0,1.0,1.0,1.0
LFM2 350M,advanced,q50,Which British first-generation jet-powered medium bomber was used in the South West Pacific theatre of World War II?,0.0,0.0,0.0,0.0,0.0
LFM2 350M,advanced,q51,Which year and which conference was the 14th season for this conference as part of the NCAA Division that the Colorado Buffaloes played in with a record of 2-6 in conference play?,0.0,0.0,0.0,0.0,0.0
LFM2 350M,advanced,q52,In 1991 Euromarché was bought by a chain that operated how any hypermarkets at the end of 2016?,1.0,1.0,1.0,1.0,1.0
LFM2 350M,advanced,q53,What race track in the midwest hosts a 500 mile race eavery May?,0.0,0.0,0.0,0.0,0.0
LFM2 350M,advanced,q54,"In what city did the ""Prince of tenors"" star in a film based on an opera by Giacomo Puccini?",0.5,0.0,1.0,0.5,0.38685280723454163
LFM2 350M,advanced,q55,"Ellie Goulding worked with what other writers on her third studio album, Delirium?",1.0,1.0,1.0,0.5,0.6131471927654584
LFM2 350M,advanced,q56,Which Australian city founded in 1838 contains a boarding school opened by a Prime Minister of Australia and named after a school in London of the same name.,0.5,0.0,1.0,0.5,0.38685280723454163
LFM2 350M,advanced,q57,D1NZ is a series based on what oversteering technique?,1.0,1.0,1.0,0.5,0.6131471927654584
LFM2 350M,advanced,q58,who is younger Keith Bostic or Jerry Glanville ?,1.0,1.0,1.0,1.0,1.0
LFM2 350M,advanced,q59,"According to the 2001 census, what was the population of the city in which Kirton End is located?",1.0,1.0,1.0,0.5,0.6131471927654584
LFM2 350M,advanced,q60,Are both Cypress and Ajuga genera?,1.0,1.0,1.0,1.0,1.0
LFM2 350M,advanced,q61,What distinction is held by the former NBA player who was a member of the Charlotte Hornets during their 1992-93 season and was head coach for the WNBA team Charlotte Sting?,0.5,0.0,1.0,1.0,0.6934264036172708
LFM2 350M,advanced,q62,What is the name of the executive producer of the film that has a score composed by Jerry Goldsmith?,0.0,0.0,0.0,0.0,0.0
LFM2 350M,advanced,q63,"Who was born earlier, Emma Bull or Virginia Woolf?",0.0,0.0,0.0,0.0,0.0
LFM2 350M,advanced,q64,What was the Roud Folk Song Index of the nursery rhyme inspiring What Are Little Girls Made Of?,0.0,0.0,0.0,0.0,0.0
LFM2 350M,advanced,q65,Scott Parkin has been a vocal critic of Exxonmobil and another corporation that has operations in how many countries ?,1.0,1.0,1.0,0.5,0.6131471927654584
LFM2 350M,advanced,q66,What WB supernatrual drama series was Jawbreaker star Rose Mcgowan best known for being in?,1.0,1.0,1.0,0.5,0.6131471927654584
LFM2 350M,advanced,q67,Vince Phillips held a junior welterweight title by an organization recognized by what larger Hall of Fame?,1.0,1.0,1.0,0.5,0.6131471927654584
LFM2 350M,advanced,q68,"What is the name of the singer who's song was released as the lead single from the album ""Confessions"", and that had popular song stuck behind for eight consecutive weeks?",0.0,0.0,0.0,0.0,0.0
LFM2 350M,advanced,q69,who is the younger brother of The episode guest stars of The Hard Easy,0.5,0.0,1.0,0.5,0.38685280723454163
LFM2 350M,advanced,q70,The 2017–18 Wigan Athletic F.C. season will be a year in which the team competes in the league cup known as what for sponsorship reasons?,1.0,1.0,1.0,1.0,1.0
LFM2 350M,advanced,q71,"Which of Tara Strong major voice role in animated series is an American animated television series based on the DC Comics fictional superhero team, the ""Teen Titans""?",1.0,1.0,1.0,1.0,0.9197207891481876
LFM2 350M,advanced,q72,What is the inhabitant of the city where  122nd SS-Standarte was formed in2014,1.0,1.0,1.0,0.5,0.6131471927654584
LFM2 350M,advanced,q73,What color clothing do people of the Netherlands wear during Oranjegekte or to celebrate the national holiday Koningsdag?,1.0,1.0,1.0,1.0,1.0
LFM2 350M,advanced,q74,"What was the name of the 1996 loose adaptation of William Shakespeare's ""Romeo & Juliet"" written by James Gunn?",1.0,1.0,1.0,0.5,0.6131471927654584
LFM2 350M,advanced,q75,Robert Suettinger was the national intelligence officer under which former Governor of Arkansas?,1.0,1.0,1.0,0.5,0.6131471927654584
LFM2 350M,advanced,q76,What American professional Hawaiian surfer born 18 October 1992 won the Rip Curl Pro Portugal?,1.0,1.0,1.0,0.5,0.6131471927654584
LFM2 350M,advanced,q77,What is the middle name of the actress who plays Bobbi Bacha in Suburban Madness?,1.0,1.0,1.0,0.5,0.6131471927654584
LFM2 350M,advanced,q78,Alvaro Mexia had a diplomatic mission with which tribe of indigenous people?,1.0,1.0,1.0,0.5,0.6131471927654584
LFM2 350M,advanced,q79,What nationality were social anthropologists Alfred Gell and Edmund Leach?,1.0,1.0,1.0,1.0,1.0
LFM2 350M,advanced,q80,In which year was the King who made the 1925 Birthday Honours born?,1.0,1.0,1.0,0.5,0.6131471927654584
LFM2 350M,advanced,q81,"What is the county seat of the county where East Lempster, New Hampshire is located?",1.0,1.0,1.0,0.5,0.6131471927654584
LFM2 350M,advanced,q82,The Album Against the Wind was the 11th Album of a Rock singer Robert C Seger born may 6 1945. What was the Rock singers stage name ?,1.0,1.0,1.0,1.0,1.0
LFM2 350M,advanced,q83,Rostker v. Goldberg held that the practice of what way of filling armed forces vacancies was consitutional?,1.0,1.0,1.0,0.5,0.6131471927654584
LFM2 350M,advanced,q84,"Handi-Snacks are a snack food product line sold by what American multinational confectionery, food, and beverage company that is based in Illinois?",1.0,1.0,1.0,1.0,1.0
LFM2 350M,advanced,q85,"What was the name of a woman from the book titled ""Their Lives: The Women Targeted by the Clinton Machine "" and was also a former white house intern?",1.0,1.0,1.0,0.5,0.6131471927654584
LFM2 350M,advanced,q86,"When was the American lawyer, lobbyist and political consultant who was a senior member of the presidential campaign of Donald Trump born?",0.0,0.0,0.0,0.0,0.0
LFM2 350M,advanced,q87,"In what year was the novel that Lourenço Mutarelli based ""Nina"" on based first published?",1.0,1.0,1.0,0.5,0.6131471927654584
LFM2 350M,advanced,q88,Where are Teide National Park and Garajonay National Park located?,1.0,1.0,1.0,1.0,1.0
LFM2 350M,advanced,q89,How many copies of Roald Dahl's variation on a popular anecdote sold?,1.0,1.0,1.0,0.5,0.6131471927654584
LFM2 350M,advanced,q90,What occupation do Chris Menges and Aram Avakian share?,1.0,1.0,1.0,1.0,1.0
LFM2 350M,advanced,q91,Andrew Jaspan was the co-founder of what not-for-profit media outlet?,1.0,1.0,1.0,0.5,0.6131471927654584
LFM2 350M,advanced,q92,Which American film director hosted the 18th Independent Spirit Awards in 2002?,1.0,1.0,1.0,0.5,0.6131471927654584
LFM2 350M,advanced,q93,Where does the hotel and casino located in which Bill Cosby's third album was recorded?,1.0,1.0,1.0,0.5,0.6131471927654584
LFM2 350M,advanced,q94,Do the drinks Gibson and Zurracapote both contain gin?,1.0,1.0,1.0,1.0,1.0
LFM2 350M,advanced,q95,"In what month is the annual documentary film festival, that is presented by the fortnightly published British journal of literary essays, held?",1.0,1.0,1.0,1.0,1.0
LFM2 350M,advanced,q96,Tysons Galleria is located in what county?,1.0,1.0,1.0,0.5,0.6131471927654584
LFM2 350M,advanced,q97,Bordan Tkachuk was the CEO of a company that provides what sort of products?,1.0,1.0,1.0,0.5,0.6131471927654584
LFM2 350M,advanced,q98,"Which filmmaker was known for animation, Lev Yilmaz or Pamela B. Green?",0.0,0.0,0.0,0.0,0.0
LFM2 350M,advanced,q99,In which city is the ambassador of the Rabat-Salé-Kénitra administrative region to China based?,1.0,1.0,1.0,1.0,1.0
LFM2 350M,advanced,q100,Are Yingkou and Fuding the same level of city?,1.0,1.0,1.0,1.0,1.0
LFM2 350M,advanced,q101,Where did the descendants of the group of black Indians associated with the Seminole people settle?,1.0,1.0,1.0,0.5,0.6131471927654584
LFM2 350M,advanced,q102,David Huntsinger has worked with this gospel singer born in the month of July?,1.0,1.0,1.0,1.0,1.0
LFM2 350M,advanced,q103,What year was the brother of this first round draft pick by the Washington Redskins drafted?,0.5,0.0,1.0,0.5,0.38685280723454163
LFM2 350M,advanced,q104,Where is the stadium at which 1964 Georgia Tech Yellow Jackets football team played their home game located?,1.0,1.0,1.0,1.0,0.9197207891481876
LFM2 350M,advanced,q105,"Since 2 June 2017, The Leader of Fine Gael had been held by which Irish Fine Gael politician who has served as Taoiseach and Minister for Defence?",1.0,1.0,1.0,0.5,0.6131471927654584
LFM2 350M,advanced,q106,Which American film actor and dancer starred in the 1945 film Johnny Angel?,1.0,1.0,1.0,0.5,0.6131471927654584
LFM2 350M,advanced,q107,hree Men on a Horse is a play by a playwright born in which year ?,1.0,1.0,1.0,0.5,0.6131471927654584
LFM2 350M,advanced,q108,What type of activity does Owner earnings and Warren Buffett have in common?,1.0,1.0,1.0,1.0,1.0
LFM2 350M,advanced,q109,When was the  former Indian cricketer who made his ODI debuts during the 2000 ICC KnockOut Trophy born?,1.0,1.0,1.0,1.0,0.9197207891481876
LFM2 350M,advanced,q110,"Which airplane was this Major test-flying after whom the base, that 514th Flight Test Squadron is stated at, is named?",1.0,1.0,1.0,0.5,0.6131471927654584
LFM2 350M,advanced,q111,"Based on a True Story... is an album by which country music star, with the single My Eyes?",1.0,1.0,1.0,1.0,0.9197207891481876
LFM2 350M,advanced,q112,"Over how many centuries were the ""dwelling place of the dead"" built?",0.0,0.0,0.0,0.0,0.0
LFM2 350M,advanced,q113,"When was the British author who wrote the novel on which ""Here We Go Round the Mulberry Bush"" was based born?",1.0,1.0,1.0,0.5,0.6131471927654584
LFM2 350M,advanced,q114,"Who died first, George Archainbaud or Ralph Murphy?",1.0,1.0,1.0,1.0,1.0
LFM2 350M,advanced,q115,Which component of shellite has the formula (ON)CHOH?,1.0,1.0,1.0,0.5,0.6131471927654584
LFM2 350M,advanced,q116,The Argentine PGA Championship record holder has won how many tournaments worldwide?,1.0,1.0,1.0,0.5,0.6131471927654584
LFM2 350M,advanced,q117,Suicide's 1977 released album features a song based on what brand's comic character?,1.0,1.0,1.0,1.0,1.0
LFM2 350M,advanced,q118,What other political position did the person who introduced the DISCLOSE Act hold?,1.0,1.0,1.0,0.5,0.6131471927654584
LFM2 350M,advanced,q119,Were the bands Skin Yard and Ostava from the U.S.?,1.0,1.0,1.0,1.0,1.0
LFM2 350M,advanced,q120,Are Daryl Hall and Gerry Marsden both musicians?,1.0,1.0,1.0,1.0,1.0
LFM2 350M,advanced,q121,What major truck road is located in Backford Cross?,1.0,1.0,1.0,0.5,0.6131471927654584
LFM2 350M,advanced,q122,In which role did Caroline Carver played in a 1999 Hallmark Entertainment made-for-TV fantasy movie?,1.0,1.0,1.0,1.0,1.0
LFM2 350M,advanced,q123,"What's the name of the fantasy film starring Sarah Bolger, featuring a New England family who discover magical creatures around their estate?",1.0,1.0,1.0,1.0,1.0
LFM2 350M,advanced,q124,Maxeda has been owned since 2004 by which American multinational equity firm?,1.0,1.0,1.0,0.5,0.6131471927654584
LFM2 350M,advanced,q125,The youngest daughter of Lady Mary-Gaye Curzon stars with Douglas Smith and Lucien Laviscount  in what 2017 film?,1.0,1.0,1.0,1.0,1.0
LFM2 350M,advanced,q126,Mummulgum is a stop on the Bruxner Highway before reaching the town on the banks of which river?,0.3333333333333333,0.0,1.0,0.5,0.3065735963827292
LFM2 350M,advanced,q127,"Which American audio engineer and clandestine chemist, who was a key figure in the San Francisco Bay Area hippie movement during the 1960s recorded the album ""Old and in the Way?""",1.0,1.0,1.0,1.0,1.0
LFM2 350M,advanced,q128,When was the palace founded at which Columba de Dunbar died in 1435?,1.0,1.0,1.0,0.5,0.6131471927654584
LFM2 350M,advanced,q129,"Where is the Bubblegum Alley, that is similar to Gum Wall, located in California?",0.5,0.0,1.0,0.5,0.38685280723454163
LFM2 350M,advanced,q130,"At what venue was the January 2, 2012 game featured the University of Louisville team?",0.5,0.0,1.0,1.0,0.6934264036172708
LFM2 350M,advanced,q131,"Which film was Oscar nominated, LaLee's Kin: The Legacy of Cotton or Gimme Shelter, the 1970 Rolling Stones documentary?",0.0,0.0,0.0,0.0,0.0
LFM2 350M,advanced,q132,"Which board game was published most recently, Pirate's Cove or Catan?",1.0,1.0,1.0,1.0,1.0
LFM2 350M,advanced,q133,Alice David is the voice of Lara Croft in a video game developed by which company ?,1.0,1.0,1.0,0.5,0.6131471927654584
LFM2 350M,advanced,q134,"Which Eminem album included vocals from a singer who had an album titled ""Unapologetic""?",0.5,0.0,1.0,1.0,0.6934264036172708
LFM2 350M,advanced,q135,"This American crime film set in South Los Angeles was written and directed by the same director and writer of screenwriter of ""Street Kings"", ""End of Watch"", ""Sabotage"", ""Fury"" and what other film?",1.0,1.0,1.0,0.5,0.6131471927654584
LFM2 350M,advanced,q136,SuperMansion starred the actress who had a recurring role as whom on Workaholics?,1.0,1.0,1.0,0.5,0.6131471927654584
LFM2 350M,advanced,q137,"The 1974 Texas Tech Raiders football team represented what public research university in Lubbock, Texas?",1.0,1.0,1.0,0.5,0.6131471927654584
LFM2 350M,advanced,q138,"During Siege of Bharatpur, which Commander-in-Chief of Ireland and Commander-in-Chief of India contributed to the storming of the castle?",0.5,0.0,1.0,0.5,0.38685280723454163
LFM2 350M,advanced,q139,For what type of work is the production company for The Year Without a Santa Claus best known?,1.0,1.0,1.0,0.5,0.6131471927654584
LFM2 350M,advanced,q140,"What year was the film that starred the composer for ""The Naked Brothers Band""?",1.0,1.0,1.0,0.5,0.6131471927654584
LFM2 350M,advanced,q141,The author of Sexual Politics attended which British University?,1.0,1.0,1.0,1.0,1.0
LFM2 350M,advanced,q142,"Who had the best singles ranking, Roberta Vinci or Jorge Lozano?",1.0,1.0,1.0,0.5,0.6131471927654584
LFM2 350M,advanced,q143,Both Truth in Science and Discovery embrace what campaign?,1.0,1.0,1.0,0.5,0.6131471927654584
LFM2 350M,advanced,q144,"Josey Scott and Ian Watkins were both promising musicians. Which of these talented men was incarcerated, impacting his career with a rock band?",1.0,1.0,1.0,0.5,0.6131471927654584
LFM2 350M,advanced,q145,The movies Queen of Blood and Battle Beyond the Sun both contained scenes from what 1959 Soviet feature?,1.0,1.0,1.0,1.0,0.9197207891481876
LFM2 350M,advanced,q146,"Who was born first, Erika Jayne or Marco Da Silva",1.0,1.0,1.0,1.0,1.0
LFM2 350M,advanced,q147,"When did the English local newspaper, featuring the sculpture and war memorial in the Forbury gardens, change names?",0.5,0.0,1.0,1.0,0.6934264036172708
LFM2 350M,advanced,q148,What is the name of the Isles who were led by Aonghus Mór and covered a total land area of over 8300 km2?,1.0,1.0,1.0,1.0,1.0
LFM2 350M,advanced,q149,"Who is Bruce Spizer an expert on, known as the most influential act of the rock era?",1.0,1.0,1.0,0.5,0.6131471927654584
LFM2 350M,advanced,q150,"Which song was behind the third single on the album  ""A Lot About Livin' (And a Little 'bout Love)"" for two weeks on the country charts?",0.0,0.0,0.0,0.0,0.0
LFM2 350M,advanced,q151,What occupation was shared by David Yates and Pietro Germi?,1.0,1.0,1.0,1.0,1.0
LFM2 350M,advanced,q152,"Marcus Wayne Garland spent nine seasons with an American professional baseball team that is based in Baltimore, Maryland, and was one of the AMerican League's original eight charter franchises when the league was established in what year?",1.0,1.0,1.0,1.0,1.0
LFM2 350M,advanced,q153,The lamp used in many lighthouses is similiar to this type of lamp patented in 1780 by Aimé Argand?,1.0,1.0,1.0,1.0,1.0
LFM2 350M,advanced,q154,"The songs from the sountrack to ""When Harry Met Sally"" are performed by a singer that has had how many top 20 US albums?",0.5,0.0,1.0,0.5,0.38685280723454163
LFM2 350M,advanced,q155,Are Broughtonia and Laeliocattleya both orchids?,1.0,1.0,1.0,1.0,1.0
LFM2 350M,advanced,q156,Where was the world cup hosted that Algeria qualified for the first time into the round of 16?,1.0,1.0,1.0,0.5,0.6131471927654584
LFM2 350M,advanced,q157,"Which was fought earlier in our nation's history, the Seven Days Battles or the Battle of Manila?",1.0,1.0,1.0,1.0,1.0
LFM2 350M,advanced,q158,"What retailer in ABQ Uptown is headquarted in Poole, Dorset, United Kingdom?",1.0,1.0,1.0,0.5,0.6131471927654584
LFM2 350M,advanced,q159,What football club plays in the area between the old tool gates: Brook Bar and Trafford bar?,1.0,1.0,1.0,0.5,0.6131471927654584
LFM2 350M,advanced,q160,"The song ""Chim Chim Cher-ee"" can be heard  in the ""Mary Poppins"" scene of a Disney ride that debuted in what year?",1.0,1.0,1.0,0.5,0.6131471927654584
LFM2 350M,advanced,q161,"Who held the record for the longest service in the Australian Parliament for a woman, and was surpassed by  a former Australian politician who was the 29th Speaker of the House of Representatives?",1.0,1.0,1.0,1.0,1.0
LFM2 350M,advanced,q162,"Which man who presented the Australia 2022 FIFA World Cup bid was born on October 22, 1930?",1.0,1.0,1.0,0.5,0.6131471927654584
LFM2 350M,advanced,q163,What major city is the Faith Lutheran Middle School and High School located by?,1.0,1.0,1.0,0.5,0.6131471927654584
LFM2 350M,advanced,q164,What British singer-songwriter hosted the 16th Annual Young Hollywood Awards?,1.0,1.0,1.0,0.5,0.6131471927654584
LFM2 350M,advanced,q165,Who did the Star and Dagger bass player marry?,0.3333333333333333,0.0,1.0,0.5,0.3065735963827292
LFM2 350M,advanced,q166,"In 2017, what was 3/4th of the organization that also has a Center for Veterinary Medicine as well as part of the U.S. Department of Health and Human Services, spent on?",1.0,1.0,1.0,0.5,0.6131471927654584
LFM2 350M,advanced,q167,"Which came out first, Dinosaur or McFarland, USA",1.0,1.0,1.0,0.5,0.6131471927654584
LFM2 350M,advanced,q168,Both Bishop Carroll Catholic High School and Kapaun Mt. Carmel Catholic High School are located in which city in Kansas?,1.0,1.0,1.0,1.0,1.0
LFM2 350M,advanced,q169,What was the 58th quadrennial American presidential election held after the 2016 Michigan Democratic primary?,1.0,1.0,1.0,1.0,0.9197207891481876
LFM2 350M,advanced,q170,This Celtic ruler who was born in AD 43 ruled southeastern Britain prior to conquest by which empire?,0.3333333333333333,0.0,1.0,0.5,0.3065735963827292
LFM2 350M,advanced,q171,"What is the name of the detective novelist parent of the author of '""Q"" Is for Quarry'?",1.0,1.0,1.0,0.5,0.6131471927654584
LFM2 350M,advanced,q172,What is the birthplace of the Senator who represents the first of 62 districts in the State Senate?,1.0,1.0,1.0,0.5,0.6131471927654584
LFM2 350M,advanced,q173,The Memphis Hustle are based in a suburb of a city with a population of what in 2010?,0.3333333333333333,0.0,1.0,0.5,0.3065735963827292
LFM2 350M,advanced,q174,"Which songwriting duo composed music for ""La La Land"", and created lyrics for ""A Christmas Story: The Musical""?",0.3333333333333333,0.0,1.0,0.5,0.3065735963827292
LFM2 350M,advanced,q175,"Which of the city at the south of Shelly Beach, New South Wales is a local government area in the Hunter region of New South Wales, Australia?",1.0,1.0,1.0,1.0,0.9197207891481876
LFM2 350M,advanced,q176,Are Bamboo Mañalac and Danny Jones both musicians?,1.0,1.0,1.0,1.0,1.0
LFM2 350M,advanced,q177,"Works by Hanna Leena Kristiina Varis are part of a collection in a museum that houses approximately 65,000 what?",1.0,1.0,1.0,1.0,1.0
LFM2 350M,advanced,q178,When was the Western Germanic language spoken from which the small settlement situated on the river Leda opposite Leer derives its name?,1.0,1.0,1.0,0.5,0.6131471927654584
LFM2 350M,advanced,q179,"Born on 6 March 1937, this man was also a citizen of the United Kingdom.",1.0,1.0,1.0,0.5,0.6131471927654584
LFM2 350M,advanced,q180,"What country does Hatton Hill and Hatton Castle, Angus have in common?",1.0,1.0,1.0,1.0,1.0
LFM2 350M,advanced,q181,What podcast was the cheif executive officer of Nerdist Industries a guest on?,0.0,0.0,0.0,0.0,0.0
LFM2 350M,advanced,q182,Randall Cunningham II was a multi-sport athlete at the high school located in what Nevada city?,1.0,1.0,1.0,0.5,0.6131471927654584
LFM2 350M,advanced,q183,"Which English musician is known for both the songs ""See Yourself"" and ""Withing You Without You""?",1.0,1.0,1.0,0.5,0.6131471927654584
LFM2 350M,advanced,q184,"Which professional ice hockey position does the Captain of the National Hockey League All-Star Game ""Away Team"" play?",0.0,0.0,0.0,0.0,0.0
LFM2 350M,advanced,q185,"What year did the series on CBS, starring the actor who known for his role in ""Rebel Without a Cause,"" air?",0.0,0.0,0.0,0.0,0.0
LFM2 350M,advanced,q186,"What season was the character introduced that becomes the main antagonist in the  following season, from the animated television series created by Bryan Konietzko and Michael Dante DiMartino as a sequel to """", which aired from 2005 to 2008?",1.0,1.0,1.0,1.0,0.9197207891481876
LFM2 350M,advanced,q187,"Who were the directors of the 2009 American science fiction film starring the actor who played Dexter Morgan in the Showtime TV Network series ""Dexter""?",1.0,1.0,1.0,0.5,0.6131471927654584
LFM2 350M,advanced,q188,"Which travel parody series featured American actor, comedian, and radio host best known as the host of ""The Joe Schmo Show""?",1.0,1.0,1.0,0.5,0.6131471927654584
LFM2 350M,advanced,q189,Do The Importance of Being Icelandic and The Five Obstructions belong to different film genres ?,0.0,0.0,0.0,0.0,0.0
LFM2 350M,advanced,q190,Tefik Selim Mborja was a part of a party that held power in Albania until what year?,1.0,1.0,1.0,1.0,1.0
LFM2 350M,advanced,q191,Joe Walker played for which team that ends their regular season with the Civil War rivalry game?,1.0,1.0,1.0,0.5,0.6131471927654584
LFM2 350M,advanced,q192,"What station broadcast the episode ""Marry Me a Little, Marry Me a Little More"" , of the series created by Max Mutchnick and David Kohan?",1.0,1.0,1.0,0.5,0.6131471927654584
LFM2 350M,advanced,q193,Georges-Henri Bousquet translated the work of a historian who is of what heritage?,1.0,1.0,1.0,0.5,0.6131471927654584
LFM2 350M,advanced,q194,In which city are the headquarters of the American research and scientific development company where Ravi Sethi worked as computer scientist located?,1.0,1.0,1.0,0.5,0.6131471927654584
LFM2 350M,advanced,q195,What is the full name of the viral respiratory disease in which Yi Guan's research helped to prevent the outbreak of?,1.0,1.0,1.0,0.5,0.6131471927654584
LFM2 350M,advanced,q196,Which Kentucky Writers Hall of Fame author has had works published by Dim Gray Bar Press?,1.0,1.0,1.0,0.5,0.6131471927654584
LFM2 350M,advanced,q197,What director worked with Vikram Bhatt on a film starring actors Rajneesh Duggal and Adah Sharma?,1.0,1.0,1.0,1.0,1.0
LFM2 350M,advanced,q198,Robert Smith founded the multinational company headquartered in what city?,0.5,0.0,1.0,0.5,0.38685280723454163
LFM2 350M,advanced,q199,What amount was the settlement that the character from the Son of al Quada got in 2017?,0.0,0.0,0.0,0.0,0.0
LFM2 350M,advanced,q200,"Considered the strongest recorded tropical cyclone, which cyclone had a film made about it in 2007?",0.0,0.0,0.0,0.0,0.0
LFM2 350M,advanced,q201,The 2000 British film Snatch was later adapted into a television series for what streaming service?,1.0,1.0,1.0,1.0,1.0
LFM2 350M,advanced,q202,Chris Williams last played for which football club from the National League North?,1.0,1.0,1.0,0.5,0.6131471927654584
LFM2 350M,advanced,q203,Who designed the hotel that held the IFBB professional bodybuilding competition in September 1991?,1.0,1.0,1.0,0.5,0.6131471927654584
LFM2 350M,advanced,q204,"At the 71st Golden Globe Awards for television in 2013, what achievement did Breaking Bad, police sitcom Brooklyn Nine-Nine and American Hustle attain?",1.0,1.0,1.0,0.5,0.6131471927654584
LFM2 350M,advanced,q205,Which actor does American Beauty and American Beauty have in common?,1.0,1.0,1.0,1.0,0.9197207891481876
LFM2 350M,advanced,q206,Onika Tanya Maraj is a judge on a television show hosted by whom?,1.0,1.0,1.0,0.5,0.6131471927654584
LFM2 350M,advanced,q207,Are Hot Rod and The Memory of Our People both magazines?,1.0,1.0,1.0,0.5,0.6131471927654584
LFM2 350M,advanced,q208,Who was Chamberlain and Colonel of the military staff of The Merrie Monarch?,0.0,0.0,0.0,0.0,0.0
LFM2 350M,advanced,q209,"Who has written more than 300 papers, Semyon Aranovich Gershgorin or Pavel Alexandrov?",1.0,1.0,1.0,1.0,0.9197207891481876
LFM2 350M,advanced,q210,Which post DC Extended Universe actress will also play a role in what is intended to be the fifth installment of the DC Extended Universe?,1.0,1.0,1.0,0.5,0.6131471927654584
LFM2 350M,advanced,q211,Who was the captain of the only battleship to provide gunfire support during the Vietnam War?,1.0,1.0,1.0,0.5,0.6131471927654584
LFM2 350M,advanced,q212,"The Polar Bears featuring the voice of Armie Hammer, is also the same voice actor for which character in Cars 3?",0.5,0.0,1.0,1.0,0.6934264036172708
LFM2 350M,advanced,q213,"Which tower is taller, 712 Fifth Avenue or Manhattan Life Insurance Building?",1.0,1.0,1.0,1.0,1.0
LFM2 350M,advanced,q214,"Is the Pakistan fast bowler who joined the Kent County Cricket Club in June, 2011 a left-hand or right-hand batsmans?",1.0,1.0,1.0,1.0,1.0
LFM2 350M,advanced,q215,"Who was born first, Arthur Conan Doyle or Penelope Lively?",1.0,1.0,1.0,1.0,1.0
LFM2 350M,advanced,q216,The Tennessee Volunteers football team plays as a member for a conference in what city?,0.5,0.0,1.0,0.5,0.38685280723454163
LFM2 350M,advanced,q217,Ernest Foot was the best friend of the fighter pilot who had how many victories?,1.0,1.0,1.0,0.5,0.6131471927654584
LFM2 350M,advanced,q218,"From March 631 to April 631, Farrukhzad Khosrau V was the king of an empire that succeeded which empire?",1.0,1.0,1.0,1.0,0.9197207891481876
LFM2 350M,advanced,q219,Which suburb is a soap opera featuring a character named Beverly Marshall set in?,1.0,1.0,1.0,0.5,0.6131471927654584
LFM2 350M,advanced,q220,Which country did the Falkland Islands beat in the 2010 Commonwealth games that has eleven administrative divisions?,0.0,0.0,0.0,0.0,0.0
LFM2 350M,advanced,q221,"Which Netflix series ""Unbreakable"" character is Elizabeth Claire Kemper known for playing?",1.0,1.0,1.0,0.5,0.6131471927654584
LFM2 350M,advanced,q222,"Which television series featured an actor who also performed in ""The Young Ones""?",0.0,0.0,0.0,0.0,0.0
LFM2 350M,advanced,q223,Are both Dafeng District and Dazhou located in the same province?,1.0,1.0,1.0,1.0,1.0
LFM2 350M,advanced,q224,"In what century did this Native warrior and chief, whose brother Tenskwatawa led the Tippecanoe order of battle, become the primary leader of a large, multi tribal confederacy?",1.0,1.0,1.0,0.5,0.6131471927654584
LFM2 350M,advanced,q225,What film was written and directed by Joby Harold with music written by Samuel Sim?,1.0,1.0,1.0,1.0,1.0
LFM2 350M,advanced,q226,What is the name of the ethnic group who settled in Canada in the 17th century that participated in a conflict with Irish Catholic immigrants in the Shiners' War?,1.0,1.0,1.0,1.0,1.0
LFM2 350M,advanced,q227,The author of The Thing of It Is... is what Nationality?,0.0,0.0,0.0,0.0,0.0
LFM2 350M,advanced,q228,"How long is the bridge in the Öresund Region that connect Copenhagen, Denmark and Malmo, Sweden?",1.0,1.0,1.0,1.0,0.9197207891481876
LFM2 350M,advanced,q229,"Martin Patterson ""Pat"" Hingle was a close friend of an actor who achieved success in what Western TV series?",1.0,1.0,1.0,0.5,0.6131471927654584
LFM2 350M,advanced,q230,Is the Marsilea or the Brabejum the genus of more individual species of plants?,1.0,1.0,1.0,1.0,1.0
LFM2 350M,advanced,q231,What building is opposite the ceremonial meeting place of the Accession Council in the United Kingdom?,1.0,1.0,1.0,0.5,0.6131471927654584
LFM2 350M,advanced,q232,"What material did a hairdresser from Yorkshire, England invent that was named by his granddaughter?",1.0,1.0,1.0,1.0,1.0
LFM2 350M,advanced,q233,One Raffles Place is one of the tallest skyscrapers in the city of Singapore and tallest in the wolrd outside North America until it was succeeded by a Building in city?,1.0,1.0,1.0,0.5,0.6131471927654584
LFM2 350M,advanced,q234,"Which case came first, Craig v. Boren or United States v. Paramount Pictures, Inc.?",1.0,1.0,1.0,0.5,0.6131471927654584
LFM2 350M,advanced,q235,What is the nickname of the city where Darling's Waterfront Pavilion is located?,1.0,1.0,1.0,0.5,0.6131471927654584
LFM2 350M,advanced,q236,The Kansas City Wizards have had three home venues in Kansas City in their time.  Which was their first?,0.0,0.0,0.0,0.0,0.0
LFM2 350M,advanced,q237,"Henry Hall is known for fighting in the Revolutionary War, and for being the first to successfully cultivate this food found in what type of bogs?",1.0,1.0,1.0,0.5,0.6131471927654584
LFM2 350M,advanced,q238,A scam involving a male calling small town fast-food restaurants and pretending to be a police officer to have them strip search employees was turned into a movie of what name?,1.0,1.0,1.0,1.0,1.0
LFM2 350M,advanced,q239,"What airport serviced by American Airlines Shuttle, is also the largest airport in the New England region and 17th busiest in the U.S?",1.0,1.0,1.0,1.0,1.0
LFM2 350M,advanced,q240,"Which genus has more species, Xanthoceras or Ehretia?",1.0,1.0,1.0,1.0,1.0
LFM2 350M,advanced,q241,What arcade game is named after the only player in major league history to have a 0.300 batting average for 7 consecutive seasons?,0.0,0.0,0.0,0.0,0.0
LFM2 350M,advanced,q242,What american actress/singer born in 1956 recorded the song Something there for beauty and the beast?,1.0,1.0,1.0,1.0,1.0
LFM2 350M,advanced,q243,Which professional baseball player and National 1993 Baseball Hall of Fame inductee is featured in the Greatest Sports Legends anthology?,1.0,1.0,1.0,1.0,1.0
LFM2 350M,advanced,q244,Salisbury Woodland Gardens links a zoo with a park designed and built under the watchful eye of who?,1.0,1.0,1.0,0.5,0.6131471927654584
LFM2 350M,advanced,q245,What class of instrument does Apatim Majumdar play?,0.0,0.0,0.0,0.0,0.0
LFM2 350M,advanced,q246,Jamie Harris is best known for his role as The Hook-Handed Man in a movie directed by who ?,1.0,1.0,1.0,0.5,0.6131471927654584
LFM2 350M,advanced,q247,"How many laps did Harry Prowell run during the 10,000 metres race at the 1967 Pan American Games?",1.0,1.0,1.0,1.0,0.9197207891481876
LFM2 350M,advanced,q248,Are  Chrysalis and Look both women's magazines?,1.0,1.0,1.0,1.0,1.0
LFM2 350M,advanced,q249,"Which author has won more Pulitzer Prizes, Thomas Friedman or Henri Bergson?",1.0,1.0,1.0,1.0,1.0
LFM2 350M,advanced,q250,"Yoann Lemoine, a French video director, has created music videos for Lana Del Rey, Katy Perry, and an orchestral country pop ballad by which top pop artist?",1.0,1.0,1.0,0.5,0.6131471927654584
LFM2 350M,advanced,q251,In what city can a person find both the Nusretiye Clock Tower and the Eski Imaret Mosque be found?,1.0,1.0,1.0,1.0,1.0
LFM2 350M,advanced,q252,"What is Opry Mills in Nashville, Tennessee?",1.0,1.0,1.0,1.0,0.9197207891481876
LFM2 350M,advanced,q253,"Spaceware Sky Division II is manufactured by this subsidiary, which is one of twelve subdivisions of Inner Mongolia, China?",1.0,1.0,1.0,0.5,0.6131471927654584
LFM2 350M,advanced,q254,"Which director had the longest career, Alain Resnais or Scott Sidney?",1.0,1.0,1.0,1.0,1.0
LFM2 350M,advanced,q255,"in 1999, Spirit Halloween LLC was purchased by a mall retailer that has how many stores in the United States and Canada ?",1.0,1.0,1.0,1.0,1.0
LFM2 350M,advanced,q256,James Fieser received his B.A. from what liberal arts work college that was founded in 1855?,0.3333333333333333,0.0,1.0,0.5,0.3065735963827292
LFM2 350M,advanced,q257,What year did Roy Rogers and his third wife star in a film directed by Frank McDonald?,0.3333333333333333,0.0,1.0,0.5,0.3065735963827292
LFM2 350M,advanced,q258,"The name ""Mountbatten-Windsor"" applies to male-line descendants of the Queen without royal styles and titles which is a Eurpean dynasty resulting in what family?",1.0,1.0,1.0,1.0,1.0
LFM2 350M,advanced,q259,Who is known for producing the documentary television series based on the book by science historian James Burke?,1.0,1.0,1.0,1.0,1.0
LFM2 350M,advanced,q260,which is larger Asante Traditional Buildings or Gulangyu?,1.0,1.0,1.0,1.0,1.0
LFM2 350M,advanced,q261,Armageddon in Retrospect was written by the author who was best known for what 1969 satire novel?,0.5,0.0,1.0,0.5,0.38685280723454163
LFM2 350M,advanced,q262,Patrick Kennedy is known for his collections of Irish  folktales from a province situated in which part of Ireland ?,1.0,1.0,1.0,0.5,0.6131471927654584
LFM2 350M,advanced,q263,What NIFL Premier Intermediate League team did Sean Connor play for?,1.0,1.0,1.0,0.5,0.6131471927654584
LFM2 350M,advanced,q264,"Which character does this protagonist, who secretly loves and marries a member of the rival house, of William Shakespeare's tragedy that has a fictional character Benvolio slay?",0.5,0.0,1.0,0.5,0.38685280723454163
LFM2 350M,advanced,q265,"What was the name of the fanzine that interviewed the Sex Pistols bassist when he was in the band ""The Flowers of Romance?""",1.0,1.0,1.0,0.5,0.6131471927654584
LFM2 350M,advanced,q266,"What, known as AAS, is commonly used in bodybuilding?",1.0,1.0,1.0,1.0,0.9197207891481876
LFM2 350M,advanced,q267,"Which American character actor who starred on the television series ""Stargate SG-1"" (1997–2007) and appeared in ""Episode 8"" of ""Twin Peaks"" as a guest star?",1.0,1.0,1.0,1.0,0.9197207891481876
LFM2 350M,advanced,q268,Candy Coburn has shared the stage with an American country music group with who playing guitar?,1.0,1.0,1.0,0.5,0.6131471927654584
LFM2 350M,advanced,q269,What is the population according to the 2007 population census of the city in which the National Archives and Library of Ethiopia is located?,1.0,1.0,1.0,1.0,1.0
LFM2 350M,advanced,q270,Which composer created Night Ferry first performed in 2012 at Symphony Center in Chicago?,1.0,1.0,1.0,1.0,1.0
LFM2 350M,advanced,q271,To which aircraft carrier was the VMF-213 Marine Fighting Squadron assigned to durning World War II?,1.0,1.0,1.0,0.5,0.6131471927654584
LFM2 350M,advanced,q272,Can Stenocereus and Pachypodium both include tree like plants?,1.0,1.0,1.0,1.0,1.0
LFM2 350M,advanced,q273,What movie did Pitof direct which had an action-adventure tie-in video game based off of it in 2004?,1.0,1.0,1.0,0.5,0.6131471927654584
LFM2 350M,advanced,q274,"on 16 January 1995 ""First Knight"" was being filmed at a studio located how far from Windsor ?",1.0,1.0,1.0,1.0,1.0
LFM2 350M,advanced,q275,"What is the name of the actress who has received a Drama Desk award and was part of the cast album for the 2007 Broadway production of the hit musical, ""Grease""?",1.0,1.0,1.0,0.5,0.6131471927654584
LFM2 350M,advanced,q276,"Marion Greene was a health policy analyst for St. Judt Medical company, which had how many principal operations worldwide?",1.0,1.0,1.0,1.0,1.0
LFM2 350M,advanced,q277,Which Genus has more species Eucryphia or Lepidozamia ?,0.5,0.0,1.0,0.5,0.38685280723454163
LFM2 350M,advanced,q278,"In what city was the Italian Baroque composer who composed a set of sonatas, titled Op. 5, born?",1.0,1.0,1.0,1.0,1.0
LFM2 350M,advanced,q279,"Meaning ""reddish water"" in Hawaiian, which location was Butch Van Artsdalen known for surfing 25-foot waves at?",1.0,1.0,1.0,1.0,1.0
LFM2 350M,advanced,q280,What type of magazine is Eugene Habecker the chairman of?,1.0,1.0,1.0,0.5,0.6131471927654584
LFM2 350M,advanced,q281,"Flyboys stars which actor who was nominated for an Academy Award for ""127 Hours""?",1.0,1.0,1.0,1.0,1.0
LFM2 350M,advanced,q282,"The English actor Kris Marshall played which character in the highly rated comedy-drama television series ""Death in Paradise""?",1.0,1.0,1.0,1.0,1.0
LFM2 350M,advanced,q283,In what month was the relief first officer of the flight that crashed on its way to Cairo with a stop in New York Born?,0.5,0.0,1.0,0.5,0.38685280723454163
LFM2 350M,advanced,q284,Which film was released first: Sacred Planet or Oz the Great and Powerful?,1.0,1.0,1.0,1.0,1.0
LFM2 350M,advanced,q285,I'd Come for You is a single by the band formed in what Alberta city?,0.0,0.0,0.0,0.0,0.0
LFM2 350M,advanced,q286,"Who is older, Ferdi Taygan or Mahesh Bhupathi?",1.0,1.0,1.0,1.0,1.0
LFM2 350M,advanced,q287,"Other than racing, what sport does the 1998 champion of the Toyota GRand Prix practice?",1.0,1.0,1.0,0.5,0.6131471927654584
LFM2 350M,advanced,q288,Where did Ian Harland study prior to studying at the oldest college at the University of Cambridge?,1.0,1.0,1.0,1.0,1.0
LFM2 350M,advanced,q289,In what 1997 American mystery crime film did Johnny Galecki start in?,1.0,1.0,1.0,1.0,1.0
LFM2 350M,advanced,q290,"Which came to market first, ""Hey Pa! There's a Goat on the Roof"" or ""Poleconomy""",0.3333333333333333,0.0,1.0,0.5,0.3065735963827292
LFM2 350M,advanced,q291,What record did the Super Bowl XXXIV champions finish the regular-season with in 1999?,0.0,0.0,0.0,0.0,0.0
LFM2 350M,advanced,q292,What is the population of the town at the intersection of Interstate Highways 77 and  the longest Interstate highway within the borders of Virginia?,0.5,0.0,1.0,0.5,0.38685280723454163
LFM2 350M,advanced,q293,What was the nickname of the hitman hired by an Italian American Criminal Organization?,0.0,0.0,0.0,0.0,0.0
LFM2 350M,advanced,q294,What was the position of Jean Baptiste Androuet du Cerceau under the man who was King of the Polish-Lithuanian Commonwealth from 1573 to 1575?,0.3333333333333333,0.0,1.0,0.5,0.3065735963827292
LFM2 350M,advanced,q295,"Which American music star appeared as a guest in a Will & Grace episode called ""Back Up, Dancer""?",1.0,1.0,1.0,0.5,0.6131471927654584
LFM2 350M,advanced,q296,What army did the namesake of the ship launched as the München in 1930 fight in during the American Revolutionary War?,1.0,1.0,1.0,0.5,0.6131471927654584
LFM2 350M,advanced,q297,The Church of the Guanche People was founded in the city that is on the most populated island of what larger area?,0.5,0.0,1.0,0.5,0.38685280723454163
LFM2 350M,advanced,q298,What officially ended the first phase of the military conflict between the British Raj and the Emirate of Afghanistan from 1878 to 1880?,1.0,1.0,1.0,1.0,1.0
LFM2 350M,advanced,q299,"The mass killing that took place at Oakland, California on April 2, 2012 was less deadly than the one that took place on October 1, 2015 in which state?",1.0,1.0,1.0,0.5,0.6131471927654584
LFM2 350M,advanced,q300,"When did the rock band that sang ""All Join Hands"" rise to prominence?",1.0,1.0,1.0,0.5,0.6131471927654584
LFM2 350M,advanced,q301,Where is the company that owns thanKing Horse pub restaurant chain based ?,0.0,0.0,0.0,0.0,0.0
LFM2 350M,advanced,q302,What is the uppermost age range for the sort of fiction written by Alexander Gordon Smith?,1.0,1.0,1.0,1.0,1.0
LFM2 350M,advanced,q303,"What is the birthday of the actress who was the Duchess in ""The Revengers Tragedy""?",0.3333333333333333,0.0,1.0,0.5,0.3065735963827292
LFM2 350M,advanced,q304,Which film starring Patrick Tatten is based on a book written by Steve Lopez?,1.0,1.0,1.0,0.5,0.6131471927654584
LFM2 350M,advanced,q305,Are Skeptical Inquirer and The Progressive Populist both tabloid-style magazines?,1.0,1.0,1.0,1.0,1.0
LFM2 350M,advanced,q306,"The 1984 film ""Marlene"" is a documentary about an actress born in what year?",1.0,1.0,1.0,1.0,1.0
LFM2 350M,advanced,q307,Which former mill town is near Rivington Hall Barn?,1.0,1.0,1.0,0.5,0.6131471927654584
LFM2 350M,advanced,q308,"What prolific English engineer, who died on 15 December 1857, contributed to the advent of the hot air engine by way of their open cycle devices?",1.0,1.0,1.0,1.0,1.0
LFM2 350M,advanced,q309,"Which dog is considered a giant dog breed, the  Leonberger or the Basset Hound?",1.0,1.0,1.0,1.0,1.0
LFM2 350M,advanced,q310,Are Staten Island Catapult and This Is Elvis both documentaries?,1.0,1.0,1.0,1.0,1.0
LFM2 350M,advanced,q311,"What is the year of the event that occured first, Making Today a Perfect Day was produced, or Frozen was produced?",0.0,0.0,0.0,0.0,0.0
LFM2 350M,advanced,q312,"Which magazine is published more often, Shonen Jump or Rolling Stone?",1.0,1.0,1.0,1.0,1.0
LFM2 350M,advanced,q313,Where is the Cocoa Krispies and former Superman sponsor located?,1.0,1.0,1.0,0.5,0.6131471927654584
LFM2 350M,advanced,q314,Who was born first Am Rong or Ava DuVernay ?,1.0,1.0,1.0,1.0,1.0
LFM2 350M,advanced,q315,How many days did it take the Best New Artist of 2009 to sell 2 million copies of an album in the UK and break a twenty year old record?,0.0,0.0,0.0,0.0,0.0
LFM2 350M,advanced,q316,"""Ew!"" is a song by a television host born where?",1.0,1.0,1.0,0.5,0.6131471927654584
LFM2 350M,advanced,q317,The northern English anglian Kingdom in the Humber estuary spoke what dialect of english?,0.5,0.0,1.0,0.5,0.38685280723454163
LFM2 350M,advanced,q318,"What Kentucky county has a population of 60,316 and features the Lake Louisvilla neighborhood?",1.0,1.0,1.0,1.0,1.0
LFM2 350M,advanced,q319,Are both Duke Energy and Affiliated Managers Group based in Massachusetts?,1.0,1.0,1.0,1.0,1.0
LFM2 350M,advanced,q320,"Two positions were filled in The Voice of Ireland b which British-Irish girl group based in London, England?",1.0,1.0,1.0,0.5,0.6131471927654584
LFM2 350M,advanced,q321,"Who was also an actor, Serri or John Fogerty?",1.0,1.0,1.0,1.0,1.0
LFM2 350M,advanced,q322,"What is the international football competition for women that Liu Ailing played in the 1991,1995, 1999 editions?",1.0,1.0,1.0,1.0,1.0
LFM2 350M,advanced,q323,Rock Springs is a collection of short stories by an author born in what year?,1.0,1.0,1.0,0.5,0.6131471927654584
LFM2 350M,advanced,q324,Folie à Deux is a studio album by the American rock band formed in which city?,1.0,1.0,1.0,0.5,0.6131471927654584
LFM2 350M,advanced,q325,"This work of literature _______ , known by its Greek title Oedipus Tyrannus was argued by Sigmund Freud to be one of the greatest works of world literature in his 1928 article.",0.5,0.0,1.0,1.0,0.6934264036172708
LFM2 350M,advanced,q326,Katherine Waterston and Chrisann Brennan has what in common?,1.0,1.0,1.0,1.0,1.0
LFM2 350M,advanced,q327,"The voice of Homer Simpson also voices what alien character in the television series ""The Simpsons""?",1.0,1.0,1.0,0.5,0.6131471927654584
LFM2 350M,advanced,q328,What studio album did Kanye West record with Roc-A-Fella Records and soul singer Dwele?,1.0,1.0,1.0,0.5,0.6131471927654584
LFM2 350M,advanced,q329,Were Enrique Carreras and Lionel Ngakane both filmakers during the 20th century?,1.0,1.0,1.0,1.0,1.0
LFM2 350M,advanced,q330,The city that contains the Yunnan Provincial Museum is also known by what nickname?,1.0,1.0,1.0,0.5,0.6131471927654584
LFM2 350M,advanced,q331,"Where is the singer of ""B Boy"" raised?",1.0,1.0,1.0,0.5,0.6131471927654584
LFM2 350M,advanced,q332,The Column of Saint Zanobi  is a monumental marble column located just north of religious building with the status of what?,1.0,1.0,1.0,0.5,0.6131471927654584
LFM2 350M,advanced,q333,The Ingerophrynus gollum is named after a character in a book that sold how many copies?,0.3333333333333333,0.0,1.0,0.5,0.3065735963827292
LFM2 350M,advanced,q334,"What Danish eurodance group had a single called ""Barbie Girl"" which resulted in a lawsuit in 2002?",1.0,1.0,1.0,1.0,1.0
LFM2 350M,advanced,q335,"Which case was decided first, Selle v. Gibb or Reynolds v. Sims?",1.0,1.0,1.0,1.0,0.9197207891481876
LFM2 350M,advanced,q336,Mamie Gummer played the role of Nancy Crozier on the TV series airing on what network?,1.0,1.0,1.0,0.5,0.6131471927654584
LFM2 350M,advanced,q337,What country do both Adnan Akmal and Kamran Akmal represent in cricket?,1.0,1.0,1.0,1.0,1.0
LFM2 350M,advanced,q338,Did Franki Valli sing with Hellogoodbye or The Four Seasons?,0.5,0.0,1.0,0.5,0.38685280723454163
LFM2 350M,advanced,q339,Both Sorbaria and Goldenrod are a genus of more than 50 flowering plants?,1.0,1.0,1.0,1.0,1.0
LFM2 350M,advanced,q340,"What is the capacity of the Stadium, other than Kauffman Stadium, designed by Charles Deaton ?",1.0,1.0,1.0,0.5,0.6131471927654584
LFM2 350M,advanced,q341,"Who is the current drummer of the band who did the song ""What Lovers Do""?",1.0,1.0,1.0,0.5,0.6131471927654584
LFM2 350M,advanced,q342,What 2017 Christopher B. Landon directed American slasher film is Jessica Rothe starring in?,1.0,1.0,1.0,1.0,0.9197207891481876
LFM2 350M,advanced,q343,Who was the president of the Sinn Fein political party during the Hume-Adams Dialogue?,1.0,1.0,1.0,1.0,1.0
LFM2 350M,advanced,q344,Which of these battles occurred earlier--the Battle of Peleliu or the Battle of Belleau Wood?,1.0,1.0,1.0,1.0,1.0
LFM2 350M,advanced,q345,Garden Island Naval Chapel is the oldest Chistian chapel of a naval branch of what defence force?,1.0,1.0,1.0,0.5,0.6131471927654584
LFM2 350M,advanced,q346,Július Satinský was born in a city that has a current population of what?,1.0,1.0,1.0,0.5,0.6131471927654584
LFM2 350M,advanced,q347,"What was the name of the 19th century foundry which was located in a village directly across the Hudson River from Westpoint in Putnam County, New York?",1.0,1.0,1.0,0.5,0.6131471927654584
LFM2 350M,advanced,q348,What fictional character created by Tom Clancy was turned into a film in 2002?,1.0,1.0,1.0,0.5,0.6131471927654584
LFM2 350M,advanced,q349,Wheat salad is composed typically of what red fruit?,1.0,1.0,1.0,0.5,0.6131471927654584
LFM2 350M,advanced,q350,What year did the biographical-comedy-crime film directed by Steven Soderbergh about the highest-level corporate executive whistleblower come out?,1.0,1.0,1.0,0.5,0.6131471927654584
LFM2 350M,advanced,q351,"when was the album that includes the song by Dustin Lynch released to country radio on February 17, 2017?",0.5,0.0,1.0,0.5,0.38685280723454163
LFM2 350M,advanced,q352,"Which playwright lived a longer life, Edward Albee or J. M. Barrie?",1.0,1.0,1.0,1.0,0.9197207891481876
LFM2 350M,advanced,q353,Are both Rutgers University and Carnegie Mellon University located in America?,1.0,1.0,1.0,1.0,1.0
LFM2 350M,advanced,q354,"Vanessa Bley is what person who organizes and often finances concerts, plays, or operas, performing a role?",1.0,1.0,1.0,0.5,0.6131471927654584
LFM2 350M,advanced,q355,Were Thomas H. Ince and Joseph McGrath of the same nationality?,1.0,1.0,1.0,1.0,1.0
LFM2 350M,advanced,q356,Are Phlebodium and Pieris both species of ferns?,1.0,1.0,1.0,1.0,1.0
LFM2 350M,advanced,q357,Bartlett's Bridge was built by the engineer who worked for the county seat of which Massachusetts county?,1.0,1.0,1.0,1.0,1.0
LFM2 350M,advanced,q358,"Which novelist, J. G. Farrell or Louis Aragon, wrote of the political and human consequences of his country's colonial rule?",1.0,1.0,1.0,0.5,0.6131471927654584
LFM2 350M,advanced,q359,What city did the characters from Gargoyles the Movie: The Heroes Awaken wake up in after being in an enchantedly petrified state for a thousand years?,1.0,1.0,1.0,0.5,0.6131471927654584
LFM2 350M,advanced,q360,Who were the producers of the show for which Chris McKay made his feature film directorial debut?,1.0,1.0,1.0,0.5,0.6131471927654584
LFM2 350M,advanced,q361,The Waterloo Vase has been used as a garden ornament at whose residence and administrative headquarters?,1.0,1.0,1.0,0.5,0.6131471927654584
LFM2 350M,advanced,q362,Scott Sandelin grew up in a town in what Minnesota county?,1.0,1.0,1.0,0.5,0.6131471927654584
LFM2 350M,advanced,q363,The 37th Disney animated feature film Tarzan features You'll be in my heart by which artist?,1.0,1.0,1.0,1.0,1.0
LFM2 350M,advanced,q364,What type of media does J. T. Petty and Outlast have in common?,1.0,1.0,1.0,1.0,1.0
LFM2 350M,advanced,q365,"Where did the architect of the Governor's House, located in Knutsford, graduate from college?",1.0,1.0,1.0,0.5,0.6131471927654584
LFM2 350M,advanced,q366,"What is the latest album of Tim Hecker, the Canadian electronic music maker?",1.0,1.0,1.0,0.5,0.6131471927654584
LFM2 350M,advanced,q367,What is the name of this Fortune 500 American company that operates a chain of retail home improvement stores that sponsored House Rules?,1.0,1.0,1.0,1.0,1.0
LFM2 350M,advanced,q368,"For what ""first"" was Ivory Lee Brown's nephew credited for in Heisman Trophy balloting?",1.0,1.0,1.0,0.5,0.6131471927654584
LFM2 350M,advanced,q369,"Haruki Murakami said that writing ""Dance Dance Dance"" had been a healing act after his unexpected fame following the publication of a novel published in which year ?",1.0,1.0,1.0,0.5,0.6131471927654584
LFM2 350M,advanced,q370,Erica Packer was the second wife of what Australian businessman?,1.0,1.0,1.0,1.0,0.9197207891481876
LFM2 350M,advanced,q371,What type of media does Bitter Jester and Sicko have in common?,1.0,1.0,1.0,1.0,1.0
LFM2 350M,advanced,q372,"What country does Eric A. Sykes and Eccles, Greater Manchester have ion common?",1.0,1.0,1.0,1.0,1.0
LFM2 350M,advanced,q373,"What South Korean actor was a member of the pop duo TVXQ and stared in Heading to the Ground, a 2009 MBC television series?",0.5,0.0,1.0,1.0,0.6934264036172708
LFM2 350M,advanced,q374,"which is traditionally drunk before retiring to bed, Hot toddy or Kir?",1.0,1.0,1.0,1.0,1.0
LFM2 350M,advanced,q375,"What year was the film ""Mom"" released, starring the voice of Shashaa Tirupati?",1.0,1.0,1.0,0.5,0.6131471927654584
LFM2 350M,advanced,q376,For One Night Only was hosted by the man most well-known for hosting what show from 1962 until 1999?,0.3333333333333333,0.0,1.0,0.5,0.3065735963827292
LFM2 350M,advanced,q377,What company did Roscoe Channing form with the owner of a leading stable of thoroughbred racehorses?,1.0,1.0,1.0,0.5,0.6131471927654584
LFM2 350M,advanced,q378,"Jens Risom introduced what type of design, characterized by minimalism and functionality?",1.0,1.0,1.0,1.0,1.0
LFM2 350M,advanced,q379,Which of the movie which has Rich Lee 3-D previsualizations was directed by Francis Lawrence?,1.0,1.0,1.0,0.5,0.6131471927654584
LFM2 350M,advanced,q380,What criteria subjectively qualifies the Houston Astrodome to be called the Eighth Wonder of the World?,1.0,1.0,1.0,1.0,1.0
LFM2 350M,advanced,q381,"Who was born first, José Echegaray y Eizaguirre or P. J. O'Rourke?",1.0,1.0,1.0,1.0,1.0
LFM2 350M,advanced,q382,Who did the Doncaster Belles play in the 1994 FA Women's Cup Final held at Glanford Park?,1.0,1.0,1.0,1.0,1.0
LFM2 350M,advanced,q383,What act for Innocent Records achieved Platinum sales and shares its name with a primary color in the RGB color model?,0.0,0.0,0.0,0.0,0.0
LFM2 350M,advanced,q384,"What national historic district is located near a village in the town of Philipstown, New York?",1.0,1.0,1.0,0.5,0.6131471927654584
LFM2 350M,advanced,q385,Which American writer wrote both The Ganymede Takeover (1967) and The Man in the High Castle (1962)?,1.0,1.0,1.0,1.0,0.9197207891481876
LFM2 350M,advanced,q386,Curt Menefee is the host of the Fox network's NFL show with co-host Michael Anthony Strahan who spent his entire 15-year career with what team?,1.0,1.0,1.0,1.0,1.0
LFM2 350M,advanced,q387,Francisco Jose Hernandez was a participant in an invasion that took place in what year?,1.0,1.0,1.0,0.5,0.6131471927654584
LFM2 350M,advanced,q388,Dead but Rising was a song by the Danish band fomed in what city in 2001?,1.0,1.0,1.0,0.5,0.6131471927654584
LFM2 350M,advanced,q389,"The man, who the award in which ""Summer of the Monkeys"" won, was a spokesman for white sector of America?",1.0,1.0,1.0,0.5,0.6131471927654584
LFM2 350M,advanced,q390,Which lead actor/actress in War Chhod Na Yaar has also acted in Bengali and English-language films?,1.0,1.0,1.0,1.0,1.0
LFM2 350M,advanced,q391,What type of movie are Wishing Stairs and Voice?,1.0,1.0,1.0,0.5,0.6131471927654584
LFM2 350M,advanced,q392,"Which cast member of Alice Upside Down also stars in the ABC Family/Freeform drama ""Switched at Birth?""",1.0,1.0,1.0,0.5,0.6131471927654584
LFM2 350M,advanced,q393,What kind of movie directed by F. Javier gutierrez did an Italian model and actress star in?,0.0,0.0,0.0,0.0,0.0
LFM2 350M,advanced,q394,In which county is the English king Harold Godwinson buried?,0.0,0.0,0.0,0.0,0.0
LFM2 350M,advanced,q395,"Who wrote The Devils, and was an eninent English theater, opera and film director?",0.5,0.0,1.0,0.5,0.38685280723454163
LFM2 350M,advanced,q396,Which Grand Slam singles tournament have Francesca Schiavone and Olga Morozova both been finalists in?,1.0,1.0,1.0,1.0,1.0
LFM2 350M,advanced,q397,"""Kapitän zur See"" Ernst Lindemann was the commander of which one of two battleships built for Nazi Germany's ""Kriegsmarine""?",0.5,0.0,1.0,0.5,0.38685280723454163
LFM2 350M,advanced,q398,"Which football team does Lewis Young's older brother, Ashley Young, play for?",1.0,1.0,1.0,1.0,1.0
LFM2 350M,advanced,q399,Snowdrop is a proprietary game engine first revealed with an online-only action role-playing video game developed by who?,1.0,1.0,1.0,0.5,0.6131471927654584
LFM2 350M,advanced,q400,Wendy Ayche was featured in 2016 in an annual production created by Youtube and what other organization?,1.0,1.0,1.0,1.0,1.0
LFM2 350M,advanced,q401,"John MacGregor, Baron MacGregor of Pulham Market was educated at the University of St Andrews and another university established by what monach?",1.0,1.0,1.0,0.5,0.6131471927654584
LFM2 350M,advanced,q402,"Which game was released first, Icehouse pieces or Kill Doctor Lucky?",1.0,1.0,1.0,0.5,0.6131471927654584
LFM2 350M,advanced,q403,American Blues included the drummer from which American rock band?,0.0,0.0,0.0,0.0,0.0
LFM2 350M,advanced,q404,"The Indian actor and philanthropist, who starred in ""Mera Damad,"" entered the film industry in what year?",1.0,1.0,1.0,0.5,0.6131471927654584
LFM2 350M,advanced,q405,The Jeep Cherokee was originally sold as a variant of a Jeep model produced during what years?,1.0,1.0,1.0,0.5,0.6131471927654584
LFM2 350M,advanced,q406,Where was the person born who was recognized by MIAL and is an American soprano?,0.0,0.0,0.0,0.0,0.0
LFM2 350M,advanced,q407,"Which magazine is older, Gallery or Dime Magazine?",1.0,1.0,1.0,1.0,1.0
LFM2 350M,advanced,q408,which writer has the highest number of skill  Langston Hughes or  Ian McEwan,1.0,1.0,1.0,0.5,0.6131471927654584
LFM2 350M,advanced,q409,How large is the shopping mall where KGOT radio station has its studios ?,1.0,1.0,1.0,0.5,0.6131471927654584
LFM2 350M,advanced,q410,What are the names of the members of the Detroit-based hip hop duo who has worked with Jason Gilbert?,1.0,1.0,1.0,0.5,0.6131471927654584
LFM2 350M,advanced,q411,"Which has the larger population, Shanghai or Hanggin Rear Banner?",1.0,1.0,1.0,1.0,1.0
LFM2 350M,advanced,q412,"Jacques Mathou starred in Delicatessen, the 1991 French movie in the style of which celebrated American animator?",1.0,1.0,1.0,1.0,1.0
LFM2 350M,advanced,q413,"Jacques Sernas, actor in Fugitive in Trieste, was of what nationality?",1.0,1.0,1.0,1.0,0.9197207891481876
LFM2 350M,advanced,q414,The VMAQT-1 logo is a female spirit in Irish mythology who heralds the death of what?,1.0,1.0,1.0,1.0,1.0
LFM2 350M,advanced,q415,"The actress that played the leading role in the independent film ""A Perfect Ending"" also stars with John Bregar in a 2008 film directed by who?",1.0,1.0,1.0,0.5,0.6131471927654584
LFM2 350M,advanced,q416,"Which band is from England, Fireflight or Dirty Pretty Things?",0.5,0.0,1.0,0.5,0.38685280723454163
LFM2 350M,advanced,q417,"The Bart the Fink episode of The Simpsons aired in February of 1996, and involves the host of which kiddie show?",0.0,0.0,0.0,0.0,0.0
LFM2 350M,advanced,q418,"Which mall, Wilton Mall or Viaport Rotterdam, has had more owners?",1.0,1.0,1.0,1.0,1.0
LFM2 350M,advanced,q419,Which close friend of an American former basketball player was signed for to play for the Timberwolves?,1.0,1.0,1.0,0.5,0.6131471927654584
LFM2 350M,advanced,q420,What is the 2010 population of the city 2.1 miles southwest of Marietta Air Force Station?,1.0,1.0,1.0,0.5,0.6131471927654584
LFM2 350M,advanced,q421,Are Buried Country and South of the Border both films turned into stage performances?,1.0,1.0,1.0,1.0,1.0
LFM2 350M,advanced,q422,"""A Summer in the Cage"" and ""American Hardcore"" are both what kind of film?",0.0,0.0,0.0,0.0,0.0
LFM2 350M,advanced,q423,How many novels are there in the series of novels of which Shadows in Flight is the tenth novel ?,1.0,1.0,1.0,0.5,0.6131471927654584
LFM2 350M,advanced,q424,One of the coaches of Southern Methodist University also played what role at the Arizona State Sun Devils?,1.0,1.0,1.0,0.5,0.6131471927654584
LFM2 350M,advanced,q425,What is the height of the player who won the 2015 AFL Rising Star award?,1.0,1.0,1.0,1.0,1.0
LFM2 350M,advanced,q426,Las Vegas Festival Grounds is north of the hotel that is owned by which company?,1.0,1.0,1.0,0.5,0.6131471927654584
LFM2 350M,advanced,q427,"Which musical fantasy film is older, Bedknobs and Broomsticks or The Muppet Christmas Carol?",1.0,1.0,1.0,1.0,1.0
LFM2 350M,advanced,q428,"Which river system in Chilhowie, Virginia was the starting place for most Longhunters?",1.0,1.0,1.0,0.5,0.6131471927654584
LFM2 350M,advanced,q429,What party does the House of Commons representative for Congleton belong to?,1.0,1.0,1.0,1.0,1.0
LFM2 350M,advanced,q430,Season 2 of Rick and Morty began with the episode directed by whom?,1.0,1.0,1.0,1.0,1.0
LFM2 350M,advanced,q431,What team did the recipient of the 2007 Brownlow Medal play for?,1.0,1.0,1.0,0.5,0.6131471927654584
LFM2 350M,advanced,q432,Were both the Battle of Stones River and the Battle of the Ch'ongch'on River fought in the 19th century?,1.0,1.0,1.0,1.0,0.9197207891481876
LFM2 350M,advanced,q433,"Who has more scope of profession, Phil Rosen or  Delmer Daves?",1.0,1.0,1.0,1.0,1.0
LFM2 350M,advanced,q434,"Which band has more members, Test Icicles or X Ambassadors?",1.0,1.0,1.0,0.5,0.6131471927654584
LFM2 350M,advanced,q435,The movies The Boatniks and The Great Locomotive Chase were both made by which production company?,1.0,1.0,1.0,1.0,1.0
LFM2 350M,advanced,q436,How long is the river for which Frenchmans Creek is a tributary?,0.3333333333333333,0.0,1.0,0.5,0.3065735963827292
LFM2 350M,advanced,q437,Where is the school that Tyler Kalinoski went to located?,1.0,1.0,1.0,0.5,0.6131471927654584
LFM2 350M,advanced,q438,Ambrose Mendy has managed and/or advised a British professional boxer that as of July 2017 is ranked the world's seventh best super middleweight by who?,1.0,1.0,1.0,0.5,0.6131471927654584
LFM2 350M,advanced,q439,"Rejuvelac is kind of grain water invented and promoted by a ""holistic health"" practitioner born in which year ?",1.0,1.0,1.0,0.5,0.6131471927654584
LFM2 350M,advanced,q440,What town host an annual media finance conference that has featured an Australian-born American media mogul?,0.0,0.0,0.0,0.0,0.0
LFM2 350M,advanced,q441,Ronald Reagan and George H. W. Bush both held which position in office?,0.5,0.0,1.0,0.5,0.38685280723454163
LFM2 350M,advanced,q442,"In between The Bears and I and Oceans which was released on July 31, 1974, by Buena Vista Distribution?",1.0,1.0,1.0,0.5,0.6131471927654584
LFM2 350M,advanced,q443,What book provided the foundation for Masters and Johnson's research team?,1.0,1.0,1.0,0.5,0.6131471927654584
LFM2 350M,advanced,q444,"What star of ""Attack of the Gryphon"" was also a voice artist in Johnny Bravo?",0.5,0.0,1.0,1.0,0.6934264036172708
LFM2 350M,advanced,q445,"Which fantasy film from 1971 featured the song ""The Age of Not Believing""?",1.0,1.0,1.0,0.5,0.6131471927654584
LFM2 350M,advanced,q446,Mick Carter is the landlord of a public house located at what address?,1.0,1.0,1.0,0.5,0.6131471927654584
LFM2 350M,advanced,q447,"What television thriller anthology did the winner of one Golden Globe, two tony Awards and six Primetime Emmy Awards appear on?",0.0,0.0,0.0,0.0,0.0
LFM2 350M,advanced,q448,What Cayman Islands registered Mandarin and Cantonese-language television broadcaster launched Phoenix Hong Kong Channel on 28 March 2011?,1.0,1.0,1.0,1.0,1.0
LFM2 350M,advanced,q449,What is the name of the film starring Rose McGowan and features the character Earl McGraw's daughter?,1.0,1.0,1.0,0.5,0.6131471927654584
LFM2 350M,advanced,q450,"Chimaja Appawas the younger brother of a general of the Maratha Empire in India, who served as what to the fifth Maratha Chhatrapati Shahu from 1720 until his death?",1.0,1.0,1.0,1.0,1.0
LFM2 350M,advanced,q451,What is the name of the oldest child that attended the Trump campaign-Russian meeting?,1.0,1.0,1.0,1.0,1.0
LFM2 350M,advanced,q452,The 1st Virginia Regiment saw action at a battle that led to the departure of what Royal Governor?,1.0,1.0,1.0,1.0,1.0
LFM2 350M,advanced,q453,"Which Argentine telenovela broadcast by Telefe from March 12 to December 19, 2012 starred Isabel Macedo as Jimena Benitez?",1.0,1.0,1.0,1.0,1.0
LFM2 350M,advanced,q454,What was position of the man who served Prince Andrew from 1990-2001?,0.0,0.0,0.0,0.0,0.0
LFM2 350M,advanced,q455,Are Agee and To Shoot an Elephant both documentaries about war?,1.0,1.0,1.0,0.5,0.6131471927654584
LFM2 350M,advanced,q456,"What shallow water table aquifer is located near the county seat of Keith County, Nebraska?",1.0,1.0,1.0,1.0,0.9197207891481876
LFM2 350M,advanced,q457,Who was born first Mahbub ul Haq or Ibn Arabi?,1.0,1.0,1.0,0.5,0.6131471927654584
LFM2 350M,advanced,q458,What does the goddess associated with the goddess frigg  consists of what tales?,1.0,1.0,1.0,0.5,0.6131471927654584
LFM2 350M,advanced,q459,"What competition held in Kathmandu, Nepal did Julian Bolling compete in 1984?",1.0,1.0,1.0,0.5,0.6131471927654584
LFM2 350M,advanced,q460,William Pery served as Captain of the Yeomen of the Guard under the lord who served in what position from 1865 to 1868?,1.0,1.0,1.0,0.5,0.6131471927654584
LFM2 350M,advanced,q461,William Cammisano was part of which Mafia family?,1.0,1.0,1.0,1.0,0.9197207891481876
LFM2 350M,advanced,q462,1956 Night Series Cup games were played at what inner suburb of Melbourne that is 3km south of Melbourne's central business district?,1.0,1.0,1.0,1.0,1.0
LFM2 350M,advanced,q463,When did the game which held three times in  in East Asia first held,0.0,0.0,0.0,0.0,0.0
LFM2 350M,advanced,q464,Blinding Edge Pictures produced which 2000 film starring Bruce Willis?,1.0,1.0,1.0,1.0,1.0
LFM2 350M,advanced,q465,"What kind of dinosaur does Raymond Ochoa voice in the Pixar film ""The Good Dinosaur""?",1.0,1.0,1.0,1.0,1.0
LFM2 350M,advanced,q466,Which American Space Western animated series did Celebrity Home Entertainment released,0.0,0.0,0.0,0.0,0.0
LFM2 350M,advanced,q467,How are elephants connected to Gajabrishta?,1.0,1.0,1.0,1.0,1.0
LFM2 350M,advanced,q468,"Which battle occurred first, the Battle of Manila or the Battle of Guam?",1.0,1.0,1.0,1.0,0.9197207891481876
LFM2 350M,advanced,q469,Kam Heskin plays Paige Morgan in a 2004 film directed by who?,1.0,1.0,1.0,1.0,0.9197207891481876
LFM2 350M,advanced,q470,"What 2016 film stars actor Xavier Samuel and an actress who portrayed Vasilisa Dragomir in the film ""Vampire Academy""?",0.3333333333333333,0.0,1.0,0.5,0.3065735963827292
LFM2 350M,advanced,q471,What type of profession does Ithu Engal Neethi and Shoba Chandrasekhar have in common?,1.0,1.0,1.0,0.5,0.6131471927654584
LFM2 350M,advanced,q472,In what field does the firm at which Claudio Fernández-Aráoz was a currently a senior adviser offers services?,1.0,1.0,1.0,0.5,0.6131471927654584
LFM2 350M,advanced,q473,Eric Ambler and Carol Shields are both best Known for what profession?,1.0,1.0,1.0,1.0,1.0
LFM2 350M,advanced,q474,"Which ""Official Ireland"" group comprises about  78.3% of the population of Ireland?",1.0,1.0,1.0,1.0,1.0
LFM2 350M,advanced,q475,Where was the telefilm shot that was based on the 1977 Katherine Paterson book?,0.5,0.0,1.0,1.0,0.6934264036172708
LFM2 350M,advanced,q476,Which American cable news and talk radio host was the former GOP representative,0.0,0.0,0.0,0.0,0.0
LFM2 350M,advanced,q477,"What Division was the college footbal team that fired their head coach on November 24, 2006?",1.0,1.0,1.0,0.5,0.6131471927654584
LFM2 350M,advanced,q478,"Which is a Macedonian weekly, Hänt Extra or Tea Moderna?",0.0,0.0,0.0,0.0,0.0
LFM2 350M,advanced,q479,What is the shared country of ancestry between Art Laboe and Scout Tufankjian?,1.0,1.0,1.0,1.0,1.0
LFM2 350M,advanced,q480,Who programmed a cartridge-based development system made by a company noted for authoring Atari's BASIC?,1.0,1.0,1.0,0.5,0.6131471927654584
LFM2 350M,advanced,q481,"Which record label released Van Morrison's ""I've Been Working"" on the album ""His Band and the Street Choir""?",1.0,1.0,1.0,0.5,0.6131471927654584
LFM2 350M,advanced,q482,Hate Them is the ninth album by a band likened to who?,1.0,1.0,1.0,0.5,0.6131471927654584
LFM2 350M,advanced,q483,"How did Emilie du Chatelet, Voltaire's love, contribute to the basic laws of physics?",1.0,1.0,1.0,0.5,0.6131471927654584
LFM2 350M,advanced,q484,Were Goo Goo Dolls and Echosmith formed in the same city?,1.0,1.0,1.0,1.0,1.0
LFM2 350M,advanced,q485,The Detroit mayoral elections of 2009 took place to fill the vacancy created by a politician who was sentenced to what?,1.0,1.0,1.0,1.0,1.0
LFM2 350M,advanced,q486,In what year was the team that Luke Clark plays either right back or central midfielder for founded?,1.0,1.0,1.0,0.5,0.6131471927654584
LFM2 350M,advanced,q487,What genre of music was played by both Tappi Tíkarrass and INXS?,1.0,1.0,1.0,0.5,0.6131471927654584
LFM2 350M,advanced,q488,A puzzle-platform video game developed by the Valve Corporation is part of what 2012 action-adventure game?,0.5,0.0,1.0,0.5,0.38685280723454163
LFM2 350M,advanced,q489,What produces the hormone that promotes sodium retention in the distal nephron?,1.0,1.0,1.0,1.0,1.0
LFM2 350M,advanced,q490,How many Senate seats will be contested during the midterm elections that Nancy Soderberg has filed to run for Congress in?,1.0,1.0,1.0,0.5,0.6131471927654584
LFM2 350M,advanced,q491,In between Berghuis v. Thompkins and Mississippi University for Women v. Hogan which one was a  case decided 5-4 by the Supreme Court of the United States?,1.0,1.0,1.0,1.0,0.9197207891481876
LFM2 350M,advanced,q492,Which jazz singer has a 2003 album entitled The Boy Next Door?,1.0,1.0,1.0,0.5,0.6131471927654584
LFM2 350M,advanced,q493,The actor who appeared on Charlotte's Shorts and Weeds was born in what year?,1.0,1.0,1.0,0.5,0.6131471927654584
LFM2 350M,advanced,q494,"After he was contracted by the team that is headquartered in Affalterbach, Baden-Württemberg, Germany, Dario Franchitti competed in what series?",1.0,1.0,1.0,0.5,0.6131471927654584
LFM2 350M,advanced,q495,"In which year did this division, where Cleveland Browns placed fourth in 2009, adopt its current name?",1.0,1.0,1.0,1.0,1.0
LFM2 350M,advanced,q496,How many restaurants comprise the quick service restaurant chain that Ron Joyce helped found?,1.0,1.0,1.0,0.5,0.6131471927654584
LFM2 350M,advanced,q497,Anthony Avent played basketball fo a High School that is located in a city approcimately 8 mi west of where?,1.0,1.0,1.0,0.5,0.6131471927654584
LFM2 350M,advanced,q498,What edition of tennis' US Open was the 2017 US Open when Petra Kvitova was a quarterfinalist?,1.0,1.0,1.0,1.0,1.0
LFM2 350M,advanced,q499,Walt Zeboski photographed which 40th President during his campaign in 1980?,1.0,1.0,1.0,0.5,0.6131471927654584
LFM2 350M,advanced,q500,"What type of film are both ""500 Years Later"" and ""Manson""?",1.0,1.0,1.0,0.5,0.6131471927654584
LFM2 350M,advanced,q501,Who was the film which was Kim Dae-woo's directing debut about ?,1.0,1.0,1.0,0.5,0.6131471927654584
LFM2 350M,advanced,q502,Which city was the man who is known for a science humor story based on the tongue-in-cheek combination of two adages born in?,0.5,0.0,1.0,0.5,0.38685280723454163
LFM2 350M,advanced,q503,What was the largest passenger capacity of the plane type used for BOAC Flight 911 ?,1.0,1.0,1.0,0.5,0.6131471927654584
LFM2 350M,advanced,q504,"What is the birthday of this Anglo-Irish actress, courtean, and mistress, who was the mother to the illegitimate daughter of King William IV?",1.0,1.0,1.0,1.0,0.9197207891481876
LFM2 350M,advanced,q505,"During which years was the model of car, featured on the cover of Earth's ""Pentastar: In the Style of Demons"" manufactured?",0.0,0.0,0.0,0.0,0.0
LFM2 350M,advanced,q506,"The ""civic rally cross"" was sold alongside what other model sold exclusively in Japan at Honda Verno dealerships?",0.0,0.0,0.0,0.0,0.0
LFM2 350M,advanced,q507,Is Gasherbrum II or Nuptse closest to the tallest mountain in the world?,1.0,1.0,1.0,1.0,0.9197207891481876
LFM2 350M,advanced,q508,Which constituent college of the University of Oxford endows four professorial fellowships for sciences including chemistry and pure mathematics?,0.0,0.0,0.0,0.0,0.0
LFM2 350M,advanced,q509,"In what London botanical garden can you find the fungus described by Elise Maud Wakefield as ""Lepiota""?",1.0,1.0,1.0,0.5,0.6131471927654584
LFM2 350M,advanced,q510,"Who collaborated with Rihanna on the album release ""Numb""?",1.0,1.0,1.0,0.5,0.6131471927654584
LFM2 350M,advanced,q511,Christopher Oscar Pena was recognized by an entertainment-industry brand aimed at what?,1.0,1.0,1.0,0.5,0.6131471927654584
LFM2 350M,advanced,q512,"What was the nationality of the actor playing a Russian hostage taker in ""Hostage for a Day""?",0.3333333333333333,0.0,1.0,0.5,0.3065735963827292
LFM2 350M,advanced,q513,The Argentine National Anthem was adopted 3 years after which event that led to the removal of Viceroy Baltasar Hildalgo de Cisneros?,1.0,1.0,1.0,0.5,0.6131471927654584
LFM2 350M,advanced,q514,What professions did S. Sylvan Simon and Danny Cannon have in common?,1.0,1.0,1.0,1.0,1.0
LFM2 350M,advanced,q515,What number album is the first W.A.S.P. album to feature Steven Edward Duren playing guitar?,1.0,1.0,1.0,0.5,0.6131471927654584
LFM2 350M,advanced,q516,What city did the Freebooters F.C. soccer team lose in that is now known as Croke Park?,1.0,1.0,1.0,0.5,0.6131471927654584
LFM2 350M,advanced,q517,What screenplay was worked on by both Edward Carfagno and Miklos Rozsa?,1.0,1.0,1.0,0.5,0.6131471927654584
LFM2 350M,advanced,q518,Which avant-garde Japanese composer studied with John Cage and wrote Music for Electric Metronomes?,1.0,1.0,1.0,1.0,0.9197207891481876
LFM2 350M,advanced,q519,"Where is the academy, for which Joseph D. Stewart was appointed Superintendent, located?",1.0,1.0,1.0,1.0,1.0
LFM2 350M,advanced,q520,James Spedding was chiefly known as the editor of the works of an author who served both as Attorney General and as what?,1.0,1.0,1.0,0.5,0.6131471927654584
LFM2 350M,advanced,q521,"Which movie directed by James Gunn portrayed the fictional character, Ego the Living Planet?",0.5,0.0,1.0,0.5,0.38685280723454163
LFM2 350M,advanced,q522,"The Government of Canada, which is the federal administration of Canada, is involved in what scandal in the province of Quebec?",1.0,1.0,1.0,1.0,1.0
LFM2 350M,advanced,q523,"who had to escape nazis, Sigmund Freud or Evelyn Waugh?",1.0,1.0,1.0,1.0,1.0
LFM2 350M,advanced,q524,Conrad Anker located the body of a mountaineer who took part it the first three British expeditions to which mountain?,1.0,1.0,1.0,1.0,1.0
LFM2 350M,advanced,q525,José Saramago and Ivo Andrić were recipients of what award in Literature?,1.0,1.0,1.0,1.0,1.0
LFM2 350M,advanced,q526,Are Chlidanthus and Maianthemum both flowering plants?,1.0,1.0,1.0,1.0,1.0
LFM2 350M,advanced,q527,The Duke Steps Out stars an actress who was ranked tenth on a list of greatest female Hollywood stars in what year?,1.0,1.0,1.0,0.5,0.6131471927654584
LFM2 350M,advanced,q528,What drum machine was introduced in 1989 and allowed 32 notes to be played simultaneously?,1.0,1.0,1.0,0.5,0.6131471927654584
LFM2 350M,advanced,q529,"Which band was formed first, Wavves or Social Code?",1.0,1.0,1.0,1.0,1.0
LFM2 350M,advanced,q530,Iselin Solheim provided vocals in the song released on what date?,1.0,1.0,1.0,0.5,0.6131471927654584
LFM2 350M,advanced,q531,"What took place first, The Korean War or The Western Allied invasion of Germany?",1.0,1.0,1.0,1.0,0.9197207891481876
LFM2 350M,advanced,q532,Are Mauritz Stiller and Johannes Grenzfurthner both of the same nationality?,1.0,1.0,1.0,1.0,1.0
LFM2 350M,advanced,q533,Luke Null is an actor who was on the program that premiered its 43rd season on which date?,1.0,1.0,1.0,0.5,0.6131471927654584
LFM2 350M,advanced,q534,"With whom did this American singer, songwriter and record producer, who contributed to the single ""Marvin Gaye"" with Julie Frost, co-produced and performed the 2015 song for a movie soundtrack?",1.0,1.0,1.0,0.5,0.6131471927654584
LFM2 350M,advanced,q535,"In what year did the Guild of Music Supervisors Awards recognize a British-American romantic drama film based on the 1952 romance novel ""The Price of Salt"" starring Cate Blanchett?",0.5,0.0,1.0,0.5,0.38685280723454163
LFM2 350M,advanced,q536,"Who has released more studio albums, Candlelight Red or Motion City Soundtrack?",1.0,1.0,1.0,0.5,0.6131471927654584
LFM2 350M,advanced,q537,What number president was Annie Caputo nominated by to become a member of the Nuclear Regulatory Commission?,1.0,1.0,1.0,0.5,0.6131471927654584
LFM2 350M,advanced,q538,Jack Alfred Evans played with a football club team that is based in what city in Australia?,1.0,1.0,1.0,0.5,0.6131471927654584
LFM2 350M,advanced,q539,What is the date of birth of the English inventor that developed the Richard Hornsby & Sons oil engine?,1.0,1.0,1.0,0.5,0.6131471927654584
LFM2 350M,advanced,q540,Where was the sports complex at which Will Brodie made his debut in the thirty-five point loss against Melbourne located?,1.0,1.0,1.0,0.5,0.6131471927654584
LFM2 350M,advanced,q541,Cardinal Pole Roman Catholic School was named after the last Roman Catholic to hold what position?,1.0,1.0,1.0,1.0,1.0
LFM2 350M,advanced,q542,"What job did Jörgen Smit work, where he was working in the world center for the anthroposophical movement?",1.0,1.0,1.0,0.5,0.6131471927654584
LFM2 350M,advanced,q543,The Dogwoman telemovies were created by an actress born in what year?,1.0,1.0,1.0,0.5,0.6131471927654584
LFM2 350M,advanced,q544,Southeastern Illinois College offers an undergraduate academic degree considered to be greater level of education than what?,1.0,1.0,1.0,1.0,1.0
LFM2 350M,advanced,q545,The American Sweetgum is the hostplant of what kind of bug?,1.0,1.0,1.0,0.5,0.6131471927654584
LFM2 350M,advanced,q546,The first book in the Sprawl Trilogy won what three awards?,1.0,1.0,1.0,0.5,0.6131471927654584
LFM2 350M,advanced,q547,What drug is among the list of illegal drugs in the Philippines and can be taken by mouth or by injection?,1.0,1.0,1.0,0.5,0.6131471927654584
LFM2 350M,advanced,q548,"The telenova ""El Ardiente Secreto"" was based ona novel published under what pen name?",0.5,0.0,1.0,0.5,0.38685280723454163
LFM2 350M,advanced,q549,In the 2012-13 FC Sion they brought in Gennaro Gattuso and a player who now plays for what Scottish team?,1.0,1.0,1.0,0.5,0.6131471927654584
LFM2 350M,advanced,q550,"WAVN is a Gospel formatted broadcast radio station tied to which city in DeSoto County, Mississippi?",1.0,1.0,1.0,1.0,0.9197207891481876
LFM2 350M,advanced,q551,"The Azad Hind Dal was created by an Indian nationalist whose defiant patriotism made him a hero in India, but whose attempt to rid India of British rule during what war left a troubled legacy?",1.0,1.0,1.0,1.0,1.0
LFM2 350M,advanced,q552,"What English stand-up comedian has a style of comedy full of ""stream-of-conscious banter""?",0.0,0.0,0.0,0.0,0.0
LFM2 350M,advanced,q553,Are both Jim McBride and Neil Jordan American?,1.0,1.0,1.0,0.5,0.6131471927654584
LFM2 350M,advanced,q554,What was the highest ranking in the United States for a single written by an English multi-instrumentalist?,0.0,0.0,0.0,0.0,0.0
LFM2 350M,advanced,q555,Woman's Era and Naj are what kind of magazines?,1.0,1.0,1.0,1.0,1.0
LFM2 350M,advanced,q556,Name a musician that worked with Hiren Roy and Vilayat Khan.,1.0,1.0,1.0,1.0,1.0
LFM2 350M,advanced,q557,Are the flowering plants Ecballium and Elatostema in the same family?,1.0,1.0,1.0,1.0,1.0
LFM2 350M,advanced,q558,Are Ganzhou and Jimo District both located in China?,0.5,0.0,1.0,1.0,0.6934264036172708
LFM2 350M,advanced,q559,"Which has more species, Aichryson or Polypodium?",1.0,1.0,1.0,1.0,1.0
LFM2 350M,advanced,q560,"Who is the psychologist who wrote about the disciple of the person known as the ""Wild Woman of Buttle""?",0.0,0.0,0.0,0.0,0.0
LFM2 350M,advanced,q561,The Adoption and Safe Families Act and the Adoption 2002 Initiative were both instituted under which administration?,1.0,1.0,1.0,1.0,1.0
LFM2 350M,advanced,q562,"Which band formed in England, Of Montreal or Vib Gyor?",1.0,1.0,1.0,1.0,1.0
LFM2 350M,advanced,q563,"Gualdo Tadino Cathedral, a Roman Catholic cathedral, was dedicated to Saint Bendict of Nursia who is a patron saint of what continent?",1.0,1.0,1.0,1.0,0.9197207891481876
LFM2 350M,advanced,q564,Where was the coach of the 1999 Oklahoma State Cowboys football team hired in 2013?,1.0,1.0,1.0,1.0,1.0
LFM2 350M,advanced,q565,Who is the author of the 1993 production Madge Ryan participated in?,1.0,1.0,1.0,0.5,0.6131471927654584
LFM2 350M,advanced,q566,What are both James Hetfield and Bob Marley?,1.0,1.0,1.0,1.0,1.0
LFM2 350M,advanced,q567,On what date will the comedy film directed by Kevin Tent and starring the Bulgarian-Canadian actress known for portraying the role of Mia Jones be released on video on demand services?,1.0,1.0,1.0,0.5,0.6131471927654584
LFM2 350M,advanced,q568,Which company owns the hotel on whose premises the Cotal Arena is located ?,0.0,0.0,0.0,0.0,0.0
LFM2 350M,advanced,q569,Rex Riot is known for a remix of the Kanye West song that was from which album?,1.0,1.0,1.0,0.5,0.6131471927654584
LFM2 350M,advanced,q570,"The Company They Keep is a book written by Diana Pavlac Glyer, who is a professor at a university in Azusa, California, that was founded in 1899, and is under the auspices of what religion?",0.5,0.0,1.0,1.0,0.6934264036172708
LFM2 350M,advanced,q571,What city and nation was the location of the 2015 Pacific Games where the Kiribati national basketball team finished with a 0-4 record?,1.0,1.0,1.0,0.5,0.6131471927654584
LFM2 350M,advanced,q572,What was the release date and price for the release of Mac OS X that has the software for creating WWF files?,1.0,1.0,1.0,0.5,0.6131471927654584
LFM2 350M,advanced,q573,"Which author influenced the animated Easter television special ""The First Easter Rabbit""?",1.0,1.0,1.0,0.5,0.6131471927654584
LFM2 350M,advanced,q574,Ms. Knope Goes to Washington is the fifth season premiere of an American political comedy television sitcom starring Amy Poehler as who?,1.0,1.0,1.0,0.5,0.6131471927654584
LFM2 350M,advanced,q575,Lorenzo Monaco was influenced by which Italian painter and architect?,1.0,1.0,1.0,0.5,0.6131471927654584
LFM2 350M,advanced,q576,"The 2011 La Manga Cup was won by Viking, who beat which Norwegian football club from the town of Kristiansand, currently playing in Tippeligaen having been promoted from Adeccoligaen in 2012?",1.0,1.0,1.0,1.0,0.9197207891481876
LFM2 350M,advanced,q577,"When did the tour begin for the album Taylor Swift released on October 22, 2012?",1.0,1.0,1.0,0.5,0.6131471927654584
LFM2 350M,advanced,q578,At which university did the notable psychoanalyst associated with the University of Chicago serve most of his career as a professor of psychiatry?,0.3333333333333333,0.0,1.0,0.5,0.3065735963827292
LFM2 350M,advanced,q579,"Chicagoland Sports Hall of Fame was founded by the company located in what Washington town, near the state capital?",1.0,1.0,1.0,0.5,0.6131471927654584
LFM2 350M,advanced,q580,"The album ""The Best of LeAnn Rimes"" contained a song used as the theme song for a film. What is the name of the film?",1.0,1.0,1.0,0.5,0.6131471927654584
LFM2 350M,advanced,q581,My Secret Hotel is a television series starring a South Korean DJ who rose to fame as the lead actress in what?,1.0,1.0,1.0,0.5,0.6131471927654584
LFM2 350M,advanced,q582,Where was the author of Thoughts of Machiavelli born?,1.0,1.0,1.0,0.5,0.6131471927654584
LFM2 350M,advanced,q583,The was the album with the song  Unbelievable by American rapper The Notorious B.I.G released?,1.0,1.0,1.0,0.5,0.6131471927654584
LFM2 350M,advanced,q584,Which NCAA record does the quarterback of the Minnesota Vikings hold?,1.0,1.0,1.0,0.5,0.6131471927654584
LFM2 350M,advanced,q585,"Which king of Northumbria did The ""Historia"" gives the abbot central place in his election as king",1.0,1.0,1.0,0.5,0.6131471927654584
LFM2 350M,advanced,q586,What foundation do scholars give for the likelihood of collaboration on a William Shakespeare Play written between 1588 and 1593?,0.5,0.0,1.0,1.0,0.6934264036172708
LFM2 350M,advanced,q587,"Fantasy Records is know for recordings of comedian Lenny Bruce, Creedence Clearwater Revival, and what American jazz pianist who composed the music for the animated television adaptations of the ""Peanuts"" comic strip?",1.0,1.0,1.0,0.5,0.6131471927654584
LFM2 350M,advanced,q588,When was the date of birth of one of the founder of Congo Reform Association?,1.0,1.0,1.0,0.5,0.6131471927654584
LFM2 350M,advanced,q589,Which country borders the Central African Republic and is south of Libya and east of Niger?,1.0,1.0,1.0,1.0,1.0
LFM2 350M,advanced,q590,Which piece did Ludwig van Beethoven publish in 1801 that was dedicated to Count Moritz von Fries?,1.0,1.0,1.0,1.0,1.0
LFM2 350M,advanced,q591,"The American restaurant chain, the Original House of Pies, is also responsible for an American chain of fruit drink beverage stores with an eponymous beverage consisting of what?",1.0,1.0,1.0,1.0,1.0
LFM2 350M,advanced,q592,Red Mountain is a film that centers on an attempt by a group of what group of Civil War rangers?,1.0,1.0,1.0,0.5,0.6131471927654584
LFM2 350M,advanced,q593,"In what year did the actor who starred in the TV Land original series ""The Soul Man"" host the Black Movie Awards?",0.5,0.0,1.0,0.5,0.38685280723454163
LFM2 350M,advanced,q594,"Which band has released the most studio albums, Blonde Redhead or Rob Zombie's band White Zombie?",1.0,1.0,1.0,0.5,0.6131471927654584
LFM2 350M,advanced,q595,What type of engine powered both the Saab 36 and the Avro Vulcan?,1.0,1.0,1.0,1.0,1.0
LFM2 350M,advanced,q596,"Who was born first, Krzysztof Zanussi or Thom Andersen?",1.0,1.0,1.0,1.0,1.0
LFM2 350M,advanced,q597,Where was the movement that August Brancart published literature from centerd?,1.0,1.0,1.0,0.5,0.6131471927654584
LFM2 350M,advanced,q598,Caste starred what English character actress who was nominated for an Academ Award for her performance in Room at the Top?,0.0,0.0,0.0,0.0,0.0
LFM2 350M,advanced,q599,What movie is the the Spinning turtle attraction in the worlds 21st largest theme park based off of?,0.0,0.0,0.0,0.0,0.0
LFM2 350M,advanced,q600,"When was the American actor, film director which  Dana Brunetti is the president of his company born",1.0,1.0,1.0,0.5,0.6131471927654584
LFM2 700M,naive,q1,Were Scott Derrickson and Ed Wood of the same nationality?,1.0,1.0,1.0,1.0,1.0
LFM2 700M,naive,q2,What government position was held by the woman who portrayed Corliss Archer in the film Kiss and Tell?,1.0,1.0,1.0,0.5,0.6131471927654584
LFM2 700M,naive,q3,"What science fantasy young adult series, told in first person, has a set of companion books narrating the stories of enslaved worlds and alien species?",1.0,1.0,1.0,0.5,0.6131471927654584
LFM2 700M,naive,q4,Are the Laleli Mosque and Esma Sultan Mansion located in the same neighborhood?,1.0,1.0,1.0,1.0,1.0
LFM2 700M,naive,q5,"The director of the romantic comedy ""Big Stone Gap"" is based in what New York city?",1.0,1.0,1.0,0.5,0.6131471927654584
LFM2 700M,naive,q6,2014 S/S is the debut album of a South Korean boy group that was formed by who?,1.0,1.0,1.0,0.5,0.6131471927654584
LFM2 700M,naive,q7,Who was known by his stage name Aladin and helped organizations improve their performance as a consultant?,1.0,1.0,1.0,0.5,0.6131471927654584
LFM2 700M,naive,q8,The arena where the Lewiston Maineiacs played their home games can seat how many people?,0.5,0.0,1.0,0.5,0.38685280723454163
LFM2 700M,naive,q9,"Who is older, Annie Morton or Terry Richardson?",0.5,0.0,1.0,1.0,0.6934264036172708
LFM2 700M,naive,q10,Are Local H and For Against both from the United States?,1.0,1.0,1.0,1.0,1.0
LFM2 700M,naive,q11,"What is the name of the fight song of the university whose main campus is in Lawrence, Kansas and whose branch campuses are in the Kansas City metropolitan area?",1.0,1.0,1.0,1.0,1.0
LFM2 700M,naive,q12,"What screenwriter with credits for ""Evolution"" co-wrote a film starring Nicolas Cage and Téa Leoni?",0.5,0.0,1.0,0.5,0.38685280723454163
LFM2 700M,naive,q13,What year did Guns N Roses perform a promo for a movie starring Arnold Schwarzenegger as a former New York Police detective?,0.0,0.0,0.0,0.0,0.0
LFM2 700M,naive,q14,Are Random House Tower and 888 7th Avenue both used for real estate?,1.0,1.0,1.0,1.0,1.0
LFM2 700M,naive,q15,The football manager who recruited David Beckham managed Manchester United during what timeframe?,0.5,0.0,1.0,0.5,0.38685280723454163
LFM2 700M,naive,q16,Brown State Fishing Lake is in a country that has a population of how many inhabitants ?,1.0,1.0,1.0,0.5,0.6131471927654584
LFM2 700M,naive,q17,The Vermont Catamounts men's soccer team currently competes in a conference that was formerly known as what from 1988 to 1996?,1.0,1.0,1.0,0.5,0.6131471927654584
LFM2 700M,naive,q18,Are Giuseppe Verdi and Ambroise Thomas both Opera composers ?,1.0,1.0,1.0,1.0,1.0
LFM2 700M,naive,q19,Roger O. Egeberg was Assistant Secretary for Health and Scientific Affairs during the administration of a president that served during what years?,1.0,1.0,1.0,0.5,0.6131471927654584
LFM2 700M,naive,q20,"Which writer was from England, Henry Roth or Robert Erskine Childers?",1.0,1.0,1.0,1.0,1.0
LFM2 700M,naive,q21,Which other Mexican Formula One race car driver has held the podium besides the Force India driver born in 1990?,1.0,1.0,1.0,1.0,1.0
LFM2 700M,naive,q22,This singer of A Rather Blustery Day also voiced what hedgehog?,1.0,1.0,1.0,1.0,1.0
LFM2 700M,naive,q23,"Aside from the Apple Remote, what other device can control the program Apple Remote was originally designed to interact with?",1.0,1.0,1.0,0.5,0.6131471927654584
LFM2 700M,naive,q24,"Which performance act has a higher instrument to person ratio, Badly Drawn Boy or Wolf Alice?",1.0,1.0,1.0,1.0,0.9197207891481876
LFM2 700M,naive,q25,What was the father of Kasper Schmeichel voted to be by the IFFHS in 1992?,1.0,1.0,1.0,1.0,1.0
LFM2 700M,naive,q26,Who was the writer of These Boots Are Made for Walkin' and who died in 2007?,1.0,1.0,1.0,0.5,0.6131471927654584
LFM2 700M,naive,q27,"The 2011–12 VCU Rams men's basketball team, led by third year head coach Shaka Smart, represented Virginia Commonwealth University which was founded in what year?",1.0,1.0,1.0,0.5,0.6131471927654584
LFM2 700M,naive,q28,"Are both Dictyosperma, and Huernia described as a genus?",1.0,1.0,1.0,1.0,1.0
LFM2 700M,naive,q29,Kaiser Ventures corporation was founded by an American industrialist who became known as the father of modern American shipbuilding?,1.0,1.0,1.0,1.0,1.0
LFM2 700M,naive,q30,"What is the name for the adventure in ""Tunnels and Trolls"", a game designed by Ken St. Andre?",1.0,1.0,1.0,1.0,0.9197207891481876
LFM2 700M,naive,q31,"When was Poison's album ""Shut Up, Make Love"" released?",1.0,1.0,1.0,1.0,1.0
LFM2 700M,naive,q32,"Hayden is a singer-songwriter from Canada, but where does Buck-Tick hail from?",1.0,1.0,1.0,1.0,1.0
LFM2 700M,naive,q33,Which  French ace pilot and adventurer fly L'Oiseau Blanc,1.0,1.0,1.0,0.5,0.6131471927654584
LFM2 700M,naive,q34,Are Freakonomics and In the Realm of the Hackers both American documentaries?,1.0,1.0,1.0,1.0,1.0
LFM2 700M,naive,q35,"Which band, Letters to Cleo or Screaming Trees, had more members?",1.0,1.0,1.0,1.0,1.0
LFM2 700M,naive,q36,Alexander Kerensky was defeated and destroyed by the Bolsheviks in the course of a civil war that ended when ?,1.0,1.0,1.0,0.5,0.6131471927654584
LFM2 700M,naive,q37,Seven Brief Lessons on Physics was written by an Italian physicist that has worked in France since what year?,1.0,1.0,1.0,0.5,0.6131471927654584
LFM2 700M,naive,q38,"The Livesey Hal War Memorial commemorates the fallen of which war, that had over 60 million casualties?",1.0,1.0,1.0,0.5,0.6131471927654584
LFM2 700M,naive,q39,Are both Elko Regional Airport and Gerald R. Ford International Airport located in Michigan?,1.0,1.0,1.0,1.0,1.0
LFM2 700M,naive,q40,Ralph Hefferline was a psychology professor at a university that is located in what city?,1.0,1.0,1.0,0.5,0.6131471927654584
LFM2 700M,naive,q41,Which dog's ancestors include Gordon and Irish Setters: the Manchester Terrier or the Scotch Collie?,1.0,1.0,1.0,1.0,0.9197207891481876
LFM2 700M,naive,q42,Where is the company that Sachin Warrier worked for as a software engineer headquartered?,1.0,1.0,1.0,0.5,0.6131471927654584
LFM2 700M,naive,q43,"A Japanese manga series based on a 16 year old high school student Ichitaka Seto, is written and illustrated by someone born in what year?",1.0,1.0,1.0,0.5,0.6131471927654584
LFM2 700M,naive,q44,The battle in which Giuseppe Arimondi lost his life secured what for Ethiopia?,1.0,1.0,1.0,1.0,1.0
LFM2 700M,naive,q45,Alfred Balk served as the secretary of the Committee on the Employment of Minority Groups in the News Media under which United States Vice President?,1.0,1.0,1.0,0.5,0.6131471927654584
LFM2 700M,naive,q46,"A medieval fortress in Dirleton, East Lothian, Scotland borders on the south side of what coastal area?",1.0,1.0,1.0,0.5,0.6131471927654584
LFM2 700M,naive,q47,Who is the writer of this song that was inspired by words on a tombstone and was the first track on the box set Back to Mono?,1.0,1.0,1.0,0.5,0.6131471927654584
LFM2 700M,naive,q48,What type of forum did a former Soviet statesman initiate?,1.0,1.0,1.0,0.5,0.6131471927654584
LFM2 700M,naive,q49,Are Ferocactus and Silene both types of plant?,1.0,1.0,1.0,1.0,1.0
LFM2 700M,naive,q50,Which British first-generation jet-powered medium bomber was used in the South West Pacific theatre of World War II?,0.5,0.0,1.0,0.5,0.38685280723454163
LFM2 700M,naive,q51,Which year and which conference was the 14th season for this conference as part of the NCAA Division that the Colorado Buffaloes played in with a record of 2-6 in conference play?,0.0,0.0,0.0,0.0,0.0
LFM2 700M,naive,q52,In 1991 Euromarché was bought by a chain that operated how any hypermarkets at the end of 2016?,1.0,1.0,1.0,1.0,1.0
LFM2 700M,naive,q53,What race track in the midwest hosts a 500 mile race eavery May?,0.5,0.0,1.0,0.5,0.38685280723454163
LFM2 700M,naive,q54,"In what city did the ""Prince of tenors"" star in a film based on an opera by Giacomo Puccini?",0.0,0.0,0.0,0.0,0.0
LFM2 700M,naive,q55,"Ellie Goulding worked with what other writers on her third studio album, Delirium?",1.0,1.0,1.0,0.5,0.6131471927654584
LFM2 700M,naive,q56,Which Australian city founded in 1838 contains a boarding school opened by a Prime Minister of Australia and named after a school in London of the same name.,1.0,1.0,1.0,0.5,0.6131471927654584
LFM2 700M,naive,q57,D1NZ is a series based on what oversteering technique?,1.0,1.0,1.0,0.5,0.6131471927654584
LFM2 700M,naive,q58,who is younger Keith Bostic or Jerry Glanville ?,1.0,1.0,1.0,1.0,0.9197207891481876
LFM2 700M,naive,q59,"According to the 2001 census, what was the population of the city in which Kirton End is located?",0.5,0.0,1.0,0.5,0.38685280723454163
LFM2 700M,naive,q60,Are both Cypress and Ajuga genera?,1.0,1.0,1.0,1.0,1.0
LFM2 700M,naive,q61,What distinction is held by the former NBA player who was a member of the Charlotte Hornets during their 1992-93 season and was head coach for the WNBA team Charlotte Sting?,1.0,1.0,1.0,0.5,0.6131471927654584
LFM2 700M,naive,q62,What is the name of the executive producer of the film that has a score composed by Jerry Goldsmith?,1.0,1.0,1.0,0.5,0.6131471927654584
LFM2 700M,naive,q63,"Who was born earlier, Emma Bull or Virginia Woolf?",1.0,1.0,1.0,1.0,1.0
LFM2 700M,naive,q64,What was the Roud Folk Song Index of the nursery rhyme inspiring What Are Little Girls Made Of?,1.0,1.0,1.0,0.5,0.6131471927654584
LFM2 700M,naive,q65,Scott Parkin has been a vocal critic of Exxonmobil and another corporation that has operations in how many countries ?,1.0,1.0,1.0,0.5,0.6131471927654584
LFM2 700M,naive,q66,What WB supernatrual drama series was Jawbreaker star Rose Mcgowan best known for being in?,1.0,1.0,1.0,1.0,1.0
LFM2 700M,naive,q67,Vince Phillips held a junior welterweight title by an organization recognized by what larger Hall of Fame?,1.0,1.0,1.0,0.5,0.6131471927654584
LFM2 700M,naive,q68,"What is the name of the singer who's song was released as the lead single from the album ""Confessions"", and that had popular song stuck behind for eight consecutive weeks?",0.0,0.0,0.0,0.0,0.0
LFM2 700M,naive,q69,who is the younger brother of The episode guest stars of The Hard Easy,1.0,1.0,1.0,0.5,0.6131471927654584
LFM2 700M,naive,q70,The 2017–18 Wigan Athletic F.C. season will be a year in which the team competes in the league cup known as what for sponsorship reasons?,1.0,1.0,1.0,1.0,0.9197207891481876
LFM2 700M,naive,q71,"Which of Tara Strong major voice role in animated series is an American animated television series based on the DC Comics fictional superhero team, the ""Teen Titans""?",1.0,1.0,1.0,0.5,0.6131471927654584
LFM2 700M,naive,q72,What is the inhabitant of the city where  122nd SS-Standarte was formed in2014,1.0,1.0,1.0,1.0,0.9197207891481876
LFM2 700M,naive,q73,What color clothing do people of the Netherlands wear during Oranjegekte or to celebrate the national holiday Koningsdag?,1.0,1.0,1.0,1.0,1.0
LFM2 700M,naive,q74,"What was the name of the 1996 loose adaptation of William Shakespeare's ""Romeo & Juliet"" written by James Gunn?",1.0,1.0,1.0,0.5,0.6131471927654584
LFM2 700M,naive,q75,Robert Suettinger was the national intelligence officer under which former Governor of Arkansas?,1.0,1.0,1.0,1.0,1.0
LFM2 700M,naive,q76,What American professional Hawaiian surfer born 18 October 1992 won the Rip Curl Pro Portugal?,1.0,1.0,1.0,1.0,1.0
LFM2 700M,naive,q77,What is the middle name of the actress who plays Bobbi Bacha in Suburban Madness?,1.0,1.0,1.0,0.5,0.6131471927654584
LFM2 700M,naive,q78,Alvaro Mexia had a diplomatic mission with which tribe of indigenous people?,1.0,1.0,1.0,0.5,0.6131471927654584
LFM2 700M,naive,q79,What nationality were social anthropologists Alfred Gell and Edmund Leach?,1.0,1.0,1.0,1.0,1.0
LFM2 700M,naive,q80,In which year was the King who made the 1925 Birthday Honours born?,1.0,1.0,1.0,1.0,0.9197207891481876
LFM2 700M,naive,q81,"What is the county seat of the county where East Lempster, New Hampshire is located?",1.0,1.0,1.0,0.5,0.6131471927654584
LFM2 700M,naive,q82,The Album Against the Wind was the 11th Album of a Rock singer Robert C Seger born may 6 1945. What was the Rock singers stage name ?,1.0,1.0,1.0,1.0,1.0
LFM2 700M,naive,q83,Rostker v. Goldberg held that the practice of what way of filling armed forces vacancies was consitutional?,1.0,1.0,1.0,1.0,0.9197207891481876
LFM2 700M,naive,q84,"Handi-Snacks are a snack food product line sold by what American multinational confectionery, food, and beverage company that is based in Illinois?",1.0,1.0,1.0,1.0,1.0
LFM2 700M,naive,q85,"What was the name of a woman from the book titled ""Their Lives: The Women Targeted by the Clinton Machine "" and was also a former white house intern?",1.0,1.0,1.0,1.0,0.9197207891481876
LFM2 700M,naive,q86,"When was the American lawyer, lobbyist and political consultant who was a senior member of the presidential campaign of Donald Trump born?",1.0,1.0,1.0,0.5,0.6131471927654584
LFM2 700M,naive,q87,"In what year was the novel that Lourenço Mutarelli based ""Nina"" on based first published?",1.0,1.0,1.0,0.5,0.6131471927654584
LFM2 700M,naive,q88,Where are Teide National Park and Garajonay National Park located?,1.0,1.0,1.0,1.0,1.0
LFM2 700M,naive,q89,How many copies of Roald Dahl's variation on a popular anecdote sold?,0.5,0.0,1.0,0.5,0.6934264036172708
LFM2 700M,naive,q90,What occupation do Chris Menges and Aram Avakian share?,1.0,1.0,1.0,1.0,1.0
LFM2 700M,naive,q91,Andrew Jaspan was the co-founder of what not-for-profit media outlet?,1.0,1.0,1.0,0.5,0.6131471927654584
LFM2 700M,naive,q92,Which American film director hosted the 18th Independent Spirit Awards in 2002?,1.0,1.0,1.0,0.5,0.6131471927654584
LFM2 700M,naive,q93,Where does the hotel and casino located in which Bill Cosby's third album was recorded?,0.3333333333333333,0.0,1.0,0.5,0.3065735963827292
LFM2 700M,naive,q94,Do the drinks Gibson and Zurracapote both contain gin?,1.0,1.0,1.0,1.0,1.0
LFM2 700M,naive,q95,"In what month is the annual documentary film festival, that is presented by the fortnightly published British journal of literary essays, held?",1.0,1.0,1.0,0.5,0.6131471927654584
LFM2 700M,naive,q96,Tysons Galleria is located in what county?,1.0,1.0,1.0,0.5,0.6131471927654584
LFM2 700M,naive,q97,Bordan Tkachuk was the CEO of a company that provides what sort of products?,1.0,1.0,1.0,0.5,0.6131471927654584
LFM2 700M,naive,q98,"Which filmmaker was known for animation, Lev Yilmaz or Pamela B. Green?",1.0,1.0,1.0,1.0,1.0
LFM2 700M,naive,q99,In which city is the ambassador of the Rabat-Salé-Kénitra administrative region to China based?,1.0,1.0,1.0,0.5,0.6131471927654584
LFM2 700M,naive,q100,Are Yingkou and Fuding the same level of city?,1.0,1.0,1.0,1.0,1.0
LFM2 700M,naive,q101,Where did the descendants of the group of black Indians associated with the Seminole people settle?,1.0,1.0,1.0,0.5,0.6131471927654584
LFM2 700M,naive,q102,David Huntsinger has worked with this gospel singer born in the month of July?,1.0,1.0,1.0,0.5,0.6131471927654584
LFM2 700M,naive,q103,What year was the brother of this first round draft pick by the Washington Redskins drafted?,1.0,1.0,1.0,0.5,0.6131471927654584
LFM2 700M,naive,q104,Where is the stadium at which 1964 Georgia Tech Yellow Jackets football team played their home game located?,1.0,1.0,1.0,1.0,0.9197207891481876
LFM2 700M,naive,q105,"Since 2 June 2017, The Leader of Fine Gael had been held by which Irish Fine Gael politician who has served as Taoiseach and Minister for Defence?",1.0,1.0,1.0,1.0,0.9197207891481876
LFM2 700M,naive,q106,Which American film actor and dancer starred in the 1945 film Johnny Angel?,1.0,1.0,1.0,0.5,0.6131471927654584
LFM2 700M,naive,q107,hree Men on a Horse is a play by a playwright born in which year ?,0.3333333333333333,0.0,1.0,0.5,0.3065735963827292
LFM2 700M,naive,q108,What type of activity does Owner earnings and Warren Buffett have in common?,1.0,1.0,1.0,1.0,1.0
LFM2 700M,naive,q109,When was the  former Indian cricketer who made his ODI debuts during the 2000 ICC KnockOut Trophy born?,1.0,1.0,1.0,0.5,0.6131471927654584
LFM2 700M,naive,q110,"Which airplane was this Major test-flying after whom the base, that 514th Flight Test Squadron is stated at, is named?",1.0,1.0,1.0,0.5,0.6131471927654584
LFM2 700M,naive,q111,"Based on a True Story... is an album by which country music star, with the single My Eyes?",1.0,1.0,1.0,1.0,1.0
LFM2 700M,naive,q112,"Over how many centuries were the ""dwelling place of the dead"" built?",0.0,0.0,0.0,0.0,0.0
LFM2 700M,naive,q113,"When was the British author who wrote the novel on which ""Here We Go Round the Mulberry Bush"" was based born?",1.0,1.0,1.0,0.5,0.6131471927654584
LFM2 700M,naive,q114,"Who died first, George Archainbaud or Ralph Murphy?",1.0,1.0,1.0,1.0,1.0
LFM2 700M,naive,q115,Which component of shellite has the formula (ON)CHOH?,1.0,1.0,1.0,0.5,0.6131471927654584
LFM2 700M,naive,q116,The Argentine PGA Championship record holder has won how many tournaments worldwide?,1.0,1.0,1.0,1.0,0.9197207891481876
LFM2 700M,naive,q117,Suicide's 1977 released album features a song based on what brand's comic character?,1.0,1.0,1.0,1.0,1.0
LFM2 700M,naive,q118,What other political position did the person who introduced the DISCLOSE Act hold?,1.0,1.0,1.0,0.5,0.6131471927654584
LFM2 700M,naive,q119,Were the bands Skin Yard and Ostava from the U.S.?,1.0,1.0,1.0,1.0,1.0
LFM2 700M,naive,q120,Are Daryl Hall and Gerry Marsden both musicians?,1.0,1.0,1.0,1.0,1.0
LFM2 700M,naive,q121,What major truck road is located in Backford Cross?,1.0,1.0,1.0,0.5,0.6131471927654584
LFM2 700M,naive,q122,In which role did Caroline Carver played in a 1999 Hallmark Entertainment made-for-TV fantasy movie?,1.0,1.0,1.0,1.0,1.0
LFM2 700M,naive,q123,"What's the name of the fantasy film starring Sarah Bolger, featuring a New England family who discover magical creatures around their estate?",1.0,1.0,1.0,1.0,1.0
LFM2 700M,naive,q124,Maxeda has been owned since 2004 by which American multinational equity firm?,1.0,1.0,1.0,1.0,1.0
LFM2 700M,naive,q125,The youngest daughter of Lady Mary-Gaye Curzon stars with Douglas Smith and Lucien Laviscount  in what 2017 film?,0.5,0.0,1.0,1.0,0.6934264036172708
LFM2 700M,naive,q126,Mummulgum is a stop on the Bruxner Highway before reaching the town on the banks of which river?,1.0,1.0,1.0,0.5,0.6131471927654584
LFM2 700M,naive,q127,"Which American audio engineer and clandestine chemist, who was a key figure in the San Francisco Bay Area hippie movement during the 1960s recorded the album ""Old and in the Way?""",1.0,1.0,1.0,1.0,1.0
LFM2 700M,naive,q128,When was the palace founded at which Columba de Dunbar died in 1435?,1.0,1.0,1.0,0.5,0.6131471927654584
LFM2 700M,naive,q129,"Where is the Bubblegum Alley, that is similar to Gum Wall, located in California?",0.5,0.0,1.0,0.5,0.38685280723454163
LFM2 700M,naive,q130,"At what venue was the January 2, 2012 game featured the University of Louisville team?",0.3333333333333333,0.0,1.0,0.5,0.3065735963827292
LFM2 700M,naive,q131,"Which film was Oscar nominated, LaLee's Kin: The Legacy of Cotton or Gimme Shelter, the 1970 Rolling Stones documentary?",0.5,0.0,1.0,0.5,0.38685280723454163
LFM2 700M,naive,q132,"Which board game was published most recently, Pirate's Cove or Catan?",1.0,1.0,1.0,1.0,1.3065735963827294
LFM2 700M,naive,q133,Alice David is the voice of Lara Croft in a video game developed by which company ?,1.0,1.0,1.0,0.5,0.6131471927654584
LFM2 700M,naive,q134,"Which Eminem album included vocals from a singer who had an album titled ""Unapologetic""?",0.5,0.0,1.0,0.5,0.38685280723454163
LFM2 700M,naive,q135,"This American crime film set in South Los Angeles was written and directed by the same director and writer of screenwriter of ""Street Kings"", ""End of Watch"", ""Sabotage"", ""Fury"" and what other film?",0.3333333333333333,0.0,1.0,0.5,0.3065735963827292
LFM2 700M,naive,q136,SuperMansion starred the actress who had a recurring role as whom on Workaholics?,1.0,1.0,1.0,1.0,0.9197207891481876
LFM2 700M,naive,q137,"The 1974 Texas Tech Raiders football team represented what public research university in Lubbock, Texas?",1.0,1.0,1.0,1.0,1.0
LFM2 700M,naive,q138,"During Siege of Bharatpur, which Commander-in-Chief of Ireland and Commander-in-Chief of India contributed to the storming of the castle?",0.5,0.0,1.0,0.5,0.38685280723454163
LFM2 700M,naive,q139,For what type of work is the production company for The Year Without a Santa Claus best known?,1.0,1.0,1.0,0.5,0.6131471927654584
LFM2 700M,naive,q140,"What year was the film that starred the composer for ""The Naked Brothers Band""?",0.3333333333333333,0.0,1.0,0.5,0.3065735963827292
LFM2 700M,naive,q141,The author of Sexual Politics attended which British University?,1.0,1.0,1.0,1.0,1.0
LFM2 700M,naive,q142,"Who had the best singles ranking, Roberta Vinci or Jorge Lozano?",1.0,1.0,1.0,1.0,1.0
LFM2 700M,naive,q143,Both Truth in Science and Discovery embrace what campaign?,1.0,1.0,1.0,1.0,0.9197207891481876
LFM2 700M,naive,q144,"Josey Scott and Ian Watkins were both promising musicians. Which of these talented men was incarcerated, impacting his career with a rock band?",1.0,1.0,1.0,1.0,1.0
LFM2 700M,naive,q145,The movies Queen of Blood and Battle Beyond the Sun both contained scenes from what 1959 Soviet feature?,1.0,1.0,1.0,1.0,1.0
LFM2 700M,naive,q146,"Who was born first, Erika Jayne or Marco Da Silva",1.0,1.0,1.0,1.0,1.0
LFM2 700M,naive,q147,"When did the English local newspaper, featuring the sculpture and war memorial in the Forbury gardens, change names?",0.5,0.0,1.0,0.5,0.38685280723454163
LFM2 700M,naive,q148,What is the name of the Isles who were led by Aonghus Mór and covered a total land area of over 8300 km2?,1.0,1.0,1.0,1.0,1.0
LFM2 700M,naive,q149,"Who is Bruce Spizer an expert on, known as the most influential act of the rock era?",1.0,1.0,1.0,0.5,0.6131471927654584
LFM2 700M,naive,q150,"Which song was behind the third single on the album  ""A Lot About Livin' (And a Little 'bout Love)"" for two weeks on the country charts?",0.0,0.0,0.0,0.0,0.0
LFM2 700M,naive,q151,What occupation was shared by David Yates and Pietro Germi?,1.0,1.0,1.0,1.0,0.9197207891481876
LFM2 700M,naive,q152,"Marcus Wayne Garland spent nine seasons with an American professional baseball team that is based in Baltimore, Maryland, and was one of the AMerican League's original eight charter franchises when the league was established in what year?",1.0,1.0,1.0,1.0,1.0
LFM2 700M,naive,q153,The lamp used in many lighthouses is similiar to this type of lamp patented in 1780 by Aimé Argand?,1.0,1.0,1.0,1.0,1.0
LFM2 700M,naive,q154,"The songs from the sountrack to ""When Harry Met Sally"" are performed by a singer that has had how many top 20 US albums?",1.0,1.0,1.0,0.5,0.6131471927654584
LFM2 700M,naive,q155,Are Broughtonia and Laeliocattleya both orchids?,1.0,1.0,1.0,1.0,1.0
LFM2 700M,naive,q156,Where was the world cup hosted that Algeria qualified for the first time into the round of 16?,1.0,1.0,1.0,0.5,0.6131471927654584
LFM2 700M,naive,q157,"Which was fought earlier in our nation's history, the Seven Days Battles or the Battle of Manila?",1.0,1.0,1.0,1.0,1.0
LFM2 700M,naive,q158,"What retailer in ABQ Uptown is headquarted in Poole, Dorset, United Kingdom?",1.0,1.0,1.0,1.0,1.0
LFM2 700M,naive,q159,What football club plays in the area between the old tool gates: Brook Bar and Trafford bar?,1.0,1.0,1.0,0.5,0.6131471927654584
LFM2 700M,naive,q160,"The song ""Chim Chim Cher-ee"" can be heard  in the ""Mary Poppins"" scene of a Disney ride that debuted in what year?",1.0,1.0,1.0,0.5,0.6131471927654584
LFM2 700M,naive,q161,"Who held the record for the longest service in the Australian Parliament for a woman, and was surpassed by  a former Australian politician who was the 29th Speaker of the House of Representatives?",1.0,1.0,1.0,1.0,1.0
LFM2 700M,naive,q162,"Which man who presented the Australia 2022 FIFA World Cup bid was born on October 22, 1930?",1.0,1.0,1.0,0.5,0.6131471927654584
LFM2 700M,naive,q163,What major city is the Faith Lutheran Middle School and High School located by?,0.5,0.0,1.0,0.5,0.38685280723454163
LFM2 700M,naive,q164,What British singer-songwriter hosted the 16th Annual Young Hollywood Awards?,1.0,1.0,1.0,0.5,0.6131471927654584
LFM2 700M,naive,q165,Who did the Star and Dagger bass player marry?,1.0,1.0,1.0,0.5,0.6131471927654584
LFM2 700M,naive,q166,"In 2017, what was 3/4th of the organization that also has a Center for Veterinary Medicine as well as part of the U.S. Department of Health and Human Services, spent on?",0.5,0.0,1.0,0.5,0.38685280723454163
LFM2 700M,naive,q167,"Which came out first, Dinosaur or McFarland, USA",1.0,1.0,1.0,0.5,0.6131471927654584
LFM2 700M,naive,q168,Both Bishop Carroll Catholic High School and Kapaun Mt. Carmel Catholic High School are located in which city in Kansas?,1.0,1.0,1.0,1.0,1.0
LFM2 700M,naive,q169,What was the 58th quadrennial American presidential election held after the 2016 Michigan Democratic primary?,1.0,1.0,1.0,1.0,1.0
LFM2 700M,naive,q170,This Celtic ruler who was born in AD 43 ruled southeastern Britain prior to conquest by which empire?,0.0,0.0,0.0,0.0,0.0
LFM2 700M,naive,q171,"What is the name of the detective novelist parent of the author of '""Q"" Is for Quarry'?",1.0,1.0,1.0,0.5,0.6131471927654584
LFM2 700M,naive,q172,What is the birthplace of the Senator who represents the first of 62 districts in the State Senate?,1.0,1.0,1.0,0.5,0.6131471927654584
LFM2 700M,naive,q173,The Memphis Hustle are based in a suburb of a city with a population of what in 2010?,1.0,1.0,1.0,0.5,0.6131471927654584
LFM2 700M,naive,q174,"Which songwriting duo composed music for ""La La Land"", and created lyrics for ""A Christmas Story: The Musical""?",0.5,0.0,1.0,0.5,0.38685280723454163
LFM2 700M,naive,q175,"Which of the city at the south of Shelly Beach, New South Wales is a local government area in the Hunter region of New South Wales, Australia?",1.0,1.0,1.0,1.0,1.0
LFM2 700M,naive,q176,Are Bamboo Mañalac and Danny Jones both musicians?,1.0,1.0,1.0,1.0,1.0
LFM2 700M,naive,q177,"Works by Hanna Leena Kristiina Varis are part of a collection in a museum that houses approximately 65,000 what?",1.0,1.0,1.0,1.0,1.0
LFM2 700M,naive,q178,When was the Western Germanic language spoken from which the small settlement situated on the river Leda opposite Leer derives its name?,0.5,0.0,1.0,0.5,0.38685280723454163
LFM2 700M,naive,q179,"Born on 6 March 1937, this man was also a citizen of the United Kingdom.",0.0,0.0,0.0,0.0,0.0
LFM2 700M,naive,q180,"What country does Hatton Hill and Hatton Castle, Angus have in common?",1.0,1.0,1.0,1.0,1.0
LFM2 700M,naive,q181,What podcast was the cheif executive officer of Nerdist Industries a guest on?,0.3333333333333333,0.0,1.0,0.5,0.3065735963827292
LFM2 700M,naive,q182,Randall Cunningham II was a multi-sport athlete at the high school located in what Nevada city?,1.0,1.0,1.0,0.5,0.6131471927654584
LFM2 700M,naive,q183,"Which English musician is known for both the songs ""See Yourself"" and ""Withing You Without You""?",1.0,1.0,1.0,1.0,1.0
LFM2 700M,naive,q184,"Which professional ice hockey position does the Captain of the National Hockey League All-Star Game ""Away Team"" play?",1.0,1.0,1.0,1.0,1.0
LFM2 700M,naive,q185,"What year did the series on CBS, starring the actor who known for his role in ""Rebel Without a Cause,"" air?",0.3333333333333333,0.0,1.0,0.5,0.3065735963827292
LFM2 700M,naive,q186,"What season was the character introduced that becomes the main antagonist in the  following season, from the animated television series created by Bryan Konietzko and Michael Dante DiMartino as a sequel to """", which aired from 2005 to 2008?",1.0,1.0,1.0,1.0,1.0
LFM2 700M,naive,q187,"Who were the directors of the 2009 American science fiction film starring the actor who played Dexter Morgan in the Showtime TV Network series ""Dexter""?",1.0,1.0,1.0,0.5,0.6131471927654584
LFM2 700M,naive,q188,"Which travel parody series featured American actor, comedian, and radio host best known as the host of ""The Joe Schmo Show""?",0.5,0.0,1.0,0.5,0.38685280723454163
LFM2 700M,naive,q189,Do The Importance of Being Icelandic and The Five Obstructions belong to different film genres ?,1.0,1.0,1.0,1.0,1.0
LFM2 700M,naive,q190,Tefik Selim Mborja was a part of a party that held power in Albania until what year?,1.0,1.0,1.0,1.0,0.9197207891481876
LFM2 700M,naive,q191,Joe Walker played for which team that ends their regular season with the Civil War rivalry game?,0.5,0.0,1.0,0.5,0.38685280723454163
LFM2 700M,naive,q192,"What station broadcast the episode ""Marry Me a Little, Marry Me a Little More"" , of the series created by Max Mutchnick and David Kohan?",0.3333333333333333,0.0,1.0,0.5,0.3065735963827292
LFM2 700M,naive,q193,Georges-Henri Bousquet translated the work of a historian who is of what heritage?,1.0,1.0,1.0,0.5,0.6131471927654584
LFM2 700M,naive,q194,In which city are the headquarters of the American research and scientific development company where Ravi Sethi worked as computer scientist located?,1.0,1.0,1.0,1.0,0.9197207891481876
LFM2 700M,naive,q195,What is the full name of the viral respiratory disease in which Yi Guan's research helped to prevent the outbreak of?,1.0,1.0,1.0,0.5,0.6131471927654584
LFM2 700M,naive,q196,Which Kentucky Writers Hall of Fame author has had works published by Dim Gray Bar Press?,1.0,1.0,1.0,1.0,0.9197207891481876
LFM2 700M,naive,q197,What director worked with Vikram Bhatt on a film starring actors Rajneesh Duggal and Adah Sharma?,1.0,1.0,1.0,0.5,0.6131471927654584
LFM2 700M,naive,q198,Robert Smith founded the multinational company headquartered in what city?,0.0,0.0,0.0,0.0,0.0
LFM2 700M,naive,q199,What amount was the settlement that the character from the Son of al Quada got in 2017?,0.0,0.0,0.0,0.0,0.0
LFM2 700M,naive,q200,"Considered the strongest recorded tropical cyclone, which cyclone had a film made about it in 2007?",0.0,0.0,0.0,0.0,0.0
LFM2 700M,naive,q201,The 2000 British film Snatch was later adapted into a television series for what streaming service?,1.0,1.0,1.0,1.0,1.0
LFM2 700M,naive,q202,Chris Williams last played for which football club from the National League North?,1.0,1.0,1.0,0.5,0.6131471927654584
LFM2 700M,naive,q203,Who designed the hotel that held the IFBB professional bodybuilding competition in September 1991?,1.0,1.0,1.0,0.5,0.6131471927654584
LFM2 700M,naive,q204,"At the 71st Golden Globe Awards for television in 2013, what achievement did Breaking Bad, police sitcom Brooklyn Nine-Nine and American Hustle attain?",1.0,1.0,1.0,1.0,1.0
LFM2 700M,naive,q205,Which actor does American Beauty and American Beauty have in common?,1.0,1.0,1.0,1.0,1.0
LFM2 700M,naive,q206,Onika Tanya Maraj is a judge on a television show hosted by whom?,0.0,0.0,0.0,0.0,0.0
LFM2 700M,naive,q207,Are Hot Rod and The Memory of Our People both magazines?,1.0,1.0,1.0,1.0,1.0
LFM2 700M,naive,q208,Who was Chamberlain and Colonel of the military staff of The Merrie Monarch?,0.0,0.0,0.0,0.0,0.0
LFM2 700M,naive,q209,"Who has written more than 300 papers, Semyon Aranovich Gershgorin or Pavel Alexandrov?",1.0,1.0,1.0,1.0,1.0
LFM2 700M,naive,q210,Which post DC Extended Universe actress will also play a role in what is intended to be the fifth installment of the DC Extended Universe?,1.0,1.0,1.0,1.0,0.9197207891481876
LFM2 700M,naive,q211,Who was the captain of the only battleship to provide gunfire support during the Vietnam War?,1.0,1.0,1.0,0.5,0.6131471927654584
LFM2 700M,naive,q212,"The Polar Bears featuring the voice of Armie Hammer, is also the same voice actor for which character in Cars 3?",1.0,1.0,1.0,1.0,0.9197207891481876
LFM2 700M,naive,q213,"Which tower is taller, 712 Fifth Avenue or Manhattan Life Insurance Building?",1.0,1.0,1.0,1.0,1.0
LFM2 700M,naive,q214,"Is the Pakistan fast bowler who joined the Kent County Cricket Club in June, 2011 a left-hand or right-hand batsmans?",0.5,0.0,1.0,1.0,0.6934264036172708
LFM2 700M,naive,q215,"Who was born first, Arthur Conan Doyle or Penelope Lively?",1.0,1.0,1.0,1.0,1.0
LFM2 700M,naive,q216,The Tennessee Volunteers football team plays as a member for a conference in what city?,0.5,0.0,1.0,1.0,0.6934264036172708
LFM2 700M,naive,q217,Ernest Foot was the best friend of the fighter pilot who had how many victories?,1.0,1.0,1.0,0.5,0.6131471927654584
LFM2 700M,naive,q218,"From March 631 to April 631, Farrukhzad Khosrau V was the king of an empire that succeeded which empire?",1.0,1.0,1.0,0.5,0.6131471927654584
LFM2 700M,naive,q219,Which suburb is a soap opera featuring a character named Beverly Marshall set in?,1.0,1.0,1.0,0.5,0.6131471927654584
LFM2 700M,naive,q220,Which country did the Falkland Islands beat in the 2010 Commonwealth games that has eleven administrative divisions?,0.0,0.0,0.0,0.0,0.0
LFM2 700M,naive,q221,"Which Netflix series ""Unbreakable"" character is Elizabeth Claire Kemper known for playing?",1.0,1.0,1.0,1.0,0.9197207891481876
LFM2 700M,naive,q222,"Which television series featured an actor who also performed in ""The Young Ones""?",0.0,0.0,0.0,0.0,0.0
LFM2 700M,naive,q223,Are both Dafeng District and Dazhou located in the same province?,1.0,1.0,1.0,1.0,1.0
LFM2 700M,naive,q224,"In what century did this Native warrior and chief, whose brother Tenskwatawa led the Tippecanoe order of battle, become the primary leader of a large, multi tribal confederacy?",0.5,0.0,1.0,0.5,0.38685280723454163
LFM2 700M,naive,q225,What film was written and directed by Joby Harold with music written by Samuel Sim?,1.0,1.0,1.0,0.5,0.6131471927654584
LFM2 700M,naive,q226,What is the name of the ethnic group who settled in Canada in the 17th century that participated in a conflict with Irish Catholic immigrants in the Shiners' War?,1.0,1.0,1.0,1.0,1.0
LFM2 700M,naive,q227,The author of The Thing of It Is... is what Nationality?,1.0,1.0,1.0,0.5,0.6131471927654584
LFM2 700M,naive,q228,"How long is the bridge in the Öresund Region that connect Copenhagen, Denmark and Malmo, Sweden?",1.0,1.0,1.0,1.0,0.9197207891481876
LFM2 700M,naive,q229,"Martin Patterson ""Pat"" Hingle was a close friend of an actor who achieved success in what Western TV series?",1.0,1.0,1.0,1.0,1.0
LFM2 700M,naive,q230,Is the Marsilea or the Brabejum the genus of more individual species of plants?,1.0,1.0,1.0,1.0,1.0
LFM2 700M,naive,q231,What building is opposite the ceremonial meeting place of the Accession Council in the United Kingdom?,0.5,0.0,1.0,0.5,0.38685280723454163
LFM2 700M,naive,q232,"What material did a hairdresser from Yorkshire, England invent that was named by his granddaughter?",1.0,1.0,1.0,0.5,0.6131471927654584
LFM2 700M,naive,q233,One Raffles Place is one of the tallest skyscrapers in the city of Singapore and tallest in the wolrd outside North America until it was succeeded by a Building in city?,1.0,1.0,1.0,0.5,0.6131471927654584
LFM2 700M,naive,q234,"Which case came first, Craig v. Boren or United States v. Paramount Pictures, Inc.?",1.0,1.0,1.0,1.0,1.0
LFM2 700M,naive,q235,What is the nickname of the city where Darling's Waterfront Pavilion is located?,1.0,1.0,1.0,0.5,0.6131471927654584
LFM2 700M,naive,q236,The Kansas City Wizards have had three home venues in Kansas City in their time.  Which was their first?,0.0,0.0,0.0,0.0,0.0
LFM2 700M,naive,q237,"Henry Hall is known for fighting in the Revolutionary War, and for being the first to successfully cultivate this food found in what type of bogs?",1.0,1.0,1.0,0.5,0.6131471927654584
LFM2 700M,naive,q238,A scam involving a male calling small town fast-food restaurants and pretending to be a police officer to have them strip search employees was turned into a movie of what name?,1.0,1.0,1.0,0.5,0.6131471927654584
LFM2 700M,naive,q239,"What airport serviced by American Airlines Shuttle, is also the largest airport in the New England region and 17th busiest in the U.S?",1.0,1.0,1.0,1.0,1.0
LFM2 700M,naive,q240,"Which genus has more species, Xanthoceras or Ehretia?",1.0,1.0,1.0,1.0,1.0
LFM2 700M,naive,q241,What arcade game is named after the only player in major league history to have a 0.300 batting average for 7 consecutive seasons?,0.0,0.0,0.0,0.0,0.0
LFM2 700M,naive,q242,What american actress/singer born in 1956 recorded the song Something there for beauty and the beast?,1.0,1.0,1.0,1.0,1.0
LFM2 700M,naive,q243,Which professional baseball player and National 1993 Baseball Hall of Fame inductee is featured in the Greatest Sports Legends anthology?,0.5,0.0,1.0,0.5,0.38685280723454163
LFM2 700M,naive,q244,Salisbury Woodland Gardens links a zoo with a park designed and built under the watchful eye of who?,1.0,1.0,1.0,0.5,0.6131471927654584
LFM2 700M,naive,q245,What class of instrument does Apatim Majumdar play?,1.0,1.0,1.0,1.0,0.9197207891481876
LFM2 700M,naive,q246,Jamie Harris is best known for his role as The Hook-Handed Man in a movie directed by who ?,1.0,1.0,1.0,0.5,0.6131471927654584
LFM2 700M,naive,q247,"How many laps did Harry Prowell run during the 10,000 metres race at the 1967 Pan American Games?",1.0,1.0,1.0,1.0,1.0
LFM2 700M,naive,q248,Are  Chrysalis and Look both women's magazines?,1.0,1.0,1.0,1.0,1.0
LFM2 700M,naive,q249,"Which author has won more Pulitzer Prizes, Thomas Friedman or Henri Bergson?",1.0,1.0,1.0,1.0,1.0
LFM2 700M,naive,q250,"Yoann Lemoine, a French video director, has created music videos for Lana Del Rey, Katy Perry, and an orchestral country pop ballad by which top pop artist?",1.0,1.0,1.0,0.5,0.6131471927654584
LFM2 700M,naive,q251,In what city can a person find both the Nusretiye Clock Tower and the Eski Imaret Mosque be found?,1.0,1.0,1.0,1.0,0.9197207891481876
LFM2 700M,naive,q252,"What is Opry Mills in Nashville, Tennessee?",1.0,1.0,1.0,0.5,0.6131471927654584
LFM2 700M,naive,q253,"Spaceware Sky Division II is manufactured by this subsidiary, which is one of twelve subdivisions of Inner Mongolia, China?",1.0,1.0,1.0,0.5,0.6131471927654584
LFM2 700M,naive,q254,"Which director had the longest career, Alain Resnais or Scott Sidney?",1.0,1.0,1.0,1.0,1.0
LFM2 700M,naive,q255,"in 1999, Spirit Halloween LLC was purchased by a mall retailer that has how many stores in the United States and Canada ?",1.0,1.0,1.0,1.0,1.0
LFM2 700M,naive,q256,James Fieser received his B.A. from what liberal arts work college that was founded in 1855?,1.0,1.0,1.0,0.5,0.6131471927654584
LFM2 700M,naive,q257,What year did Roy Rogers and his third wife star in a film directed by Frank McDonald?,0.0,0.0,0.0,0.0,0.0
LFM2 700M,naive,q258,"The name ""Mountbatten-Windsor"" applies to male-line descendants of the Queen without royal styles and titles which is a Eurpean dynasty resulting in what family?",1.0,1.0,1.0,1.0,0.9197207891481876
LFM2 700M,naive,q259,Who is known for producing the documentary television series based on the book by science historian James Burke?,1.0,1.0,1.0,1.0,0.9197207891481876
LFM2 700M,naive,q260,which is larger Asante Traditional Buildings or Gulangyu?,1.0,1.0,1.0,1.0,1.0
LFM2 700M,naive,q261,Armageddon in Retrospect was written by the author who was best known for what 1969 satire novel?,1.0,1.0,1.0,1.0,1.0
LFM2 700M,naive,q262,Patrick Kennedy is known for his collections of Irish  folktales from a province situated in which part of Ireland ?,1.0,1.0,1.0,0.5,0.6131471927654584
LFM2 700M,naive,q263,What NIFL Premier Intermediate League team did Sean Connor play for?,1.0,1.0,1.0,0.5,0.6131471927654584
LFM2 700M,naive,q264,"Which character does this protagonist, who secretly loves and marries a member of the rival house, of William Shakespeare's tragedy that has a fictional character Benvolio slay?",1.0,1.0,1.0,1.0,1.0
LFM2 700M,naive,q265,"What was the name of the fanzine that interviewed the Sex Pistols bassist when he was in the band ""The Flowers of Romance?""",1.0,1.0,1.0,1.0,1.0
LFM2 700M,naive,q266,"What, known as AAS, is commonly used in bodybuilding?",1.0,1.0,1.0,1.0,0.9197207891481876
LFM2 700M,naive,q267,"Which American character actor who starred on the television series ""Stargate SG-1"" (1997–2007) and appeared in ""Episode 8"" of ""Twin Peaks"" as a guest star?",1.0,1.0,1.0,1.0,0.9197207891481876
LFM2 700M,naive,q268,Candy Coburn has shared the stage with an American country music group with who playing guitar?,1.0,1.0,1.0,1.0,1.0
LFM2 700M,naive,q269,What is the population according to the 2007 population census of the city in which the National Archives and Library of Ethiopia is located?,1.0,1.0,1.0,1.0,1.0
LFM2 700M,naive,q270,Which composer created Night Ferry first performed in 2012 at Symphony Center in Chicago?,1.0,1.0,1.0,1.0,1.0
LFM2 700M,naive,q271,To which aircraft carrier was the VMF-213 Marine Fighting Squadron assigned to durning World War II?,1.0,1.0,1.0,0.5,0.6131471927654584
LFM2 700M,naive,q272,Can Stenocereus and Pachypodium both include tree like plants?,1.0,1.0,1.0,1.0,1.0
LFM2 700M,naive,q273,What movie did Pitof direct which had an action-adventure tie-in video game based off of it in 2004?,0.0,0.0,0.0,0.0,0.0
LFM2 700M,naive,q274,"on 16 January 1995 ""First Knight"" was being filmed at a studio located how far from Windsor ?",1.0,1.0,1.0,1.0,1.0
LFM2 700M,naive,q275,"What is the name of the actress who has received a Drama Desk award and was part of the cast album for the 2007 Broadway production of the hit musical, ""Grease""?",0.0,0.0,0.0,0.0,0.0
LFM2 700M,naive,q276,"Marion Greene was a health policy analyst for St. Judt Medical company, which had how many principal operations worldwide?",1.0,1.0,1.0,1.0,1.0
LFM2 700M,naive,q277,Which Genus has more species Eucryphia or Lepidozamia ?,1.0,1.0,1.0,1.0,1.0
LFM2 700M,naive,q278,"In what city was the Italian Baroque composer who composed a set of sonatas, titled Op. 5, born?",1.0,1.0,1.0,1.0,1.0
LFM2 700M,naive,q279,"Meaning ""reddish water"" in Hawaiian, which location was Butch Van Artsdalen known for surfing 25-foot waves at?",1.0,1.0,1.0,0.5,0.6131471927654584
LFM2 700M,naive,q280,What type of magazine is Eugene Habecker the chairman of?,1.0,1.0,1.0,0.5,0.6131471927654584
LFM2 700M,naive,q281,"Flyboys stars which actor who was nominated for an Academy Award for ""127 Hours""?",1.0,1.0,1.0,1.0,0.9197207891481876
LFM2 700M,naive,q282,"The English actor Kris Marshall played which character in the highly rated comedy-drama television series ""Death in Paradise""?",1.0,1.0,1.0,1.0,0.9197207891481876
LFM2 700M,naive,q283,In what month was the relief first officer of the flight that crashed on its way to Cairo with a stop in New York Born?,1.0,1.0,1.0,1.0,1.0
LFM2 700M,naive,q284,Which film was released first: Sacred Planet or Oz the Great and Powerful?,1.0,1.0,1.0,1.0,1.0
LFM2 700M,naive,q285,I'd Come for You is a single by the band formed in what Alberta city?,1.0,1.0,1.0,1.0,1.0
LFM2 700M,naive,q286,"Who is older, Ferdi Taygan or Mahesh Bhupathi?",1.0,1.0,1.0,1.0,1.0
LFM2 700M,naive,q287,"Other than racing, what sport does the 1998 champion of the Toyota GRand Prix practice?",0.5,0.0,1.0,0.5,0.38685280723454163
LFM2 700M,naive,q288,Where did Ian Harland study prior to studying at the oldest college at the University of Cambridge?,1.0,1.0,1.0,1.0,1.0
LFM2 700M,naive,q289,In what 1997 American mystery crime film did Johnny Galecki start in?,1.0,1.0,1.0,1.0,1.0
LFM2 700M,naive,q290,"Which came to market first, ""Hey Pa! There's a Goat on the Roof"" or ""Poleconomy""",1.0,1.0,1.0,1.0,1.0
LFM2 700M,naive,q291,What record did the Super Bowl XXXIV champions finish the regular-season with in 1999?,0.5,0.0,1.0,0.5,0.38685280723454163
LFM2 700M,naive,q292,What is the population of the town at the intersection of Interstate Highways 77 and  the longest Interstate highway within the borders of Virginia?,1.0,1.0,1.0,1.0,1.0
LFM2 700M,naive,q293,What was the nickname of the hitman hired by an Italian American Criminal Organization?,0.3333333333333333,0.0,1.0,0.5,0.3065735963827292
LFM2 700M,naive,q294,What was the position of Jean Baptiste Androuet du Cerceau under the man who was King of the Polish-Lithuanian Commonwealth from 1573 to 1575?,1.0,1.0,1.0,0.5,0.6131471927654584
LFM2 700M,naive,q295,"Which American music star appeared as a guest in a Will & Grace episode called ""Back Up, Dancer""?",1.0,1.0,1.0,0.5,0.6131471927654584
LFM2 700M,naive,q296,What army did the namesake of the ship launched as the München in 1930 fight in during the American Revolutionary War?,1.0,1.0,1.0,0.5,0.6131471927654584
LFM2 700M,naive,q297,The Church of the Guanche People was founded in the city that is on the most populated island of what larger area?,1.0,1.0,1.0,1.0,1.0
LFM2 700M,naive,q298,What officially ended the first phase of the military conflict between the British Raj and the Emirate of Afghanistan from 1878 to 1880?,1.0,1.0,1.0,0.5,0.6131471927654584
LFM2 700M,naive,q299,"The mass killing that took place at Oakland, California on April 2, 2012 was less deadly than the one that took place on October 1, 2015 in which state?",1.0,1.0,1.0,0.5,0.6131471927654584
LFM2 700M,naive,q300,"When did the rock band that sang ""All Join Hands"" rise to prominence?",1.0,1.0,1.0,0.5,0.6131471927654584
LFM2 700M,naive,q301,Where is the company that owns thanKing Horse pub restaurant chain based ?,1.0,1.0,1.0,0.5,0.6131471927654584
LFM2 700M,naive,q302,What is the uppermost age range for the sort of fiction written by Alexander Gordon Smith?,1.0,1.0,1.0,0.5,0.6131471927654584
LFM2 700M,naive,q303,"What is the birthday of the actress who was the Duchess in ""The Revengers Tragedy""?",1.0,1.0,1.0,0.5,0.6131471927654584
LFM2 700M,naive,q304,Which film starring Patrick Tatten is based on a book written by Steve Lopez?,1.0,1.0,1.0,0.5,0.6131471927654584
LFM2 700M,naive,q305,Are Skeptical Inquirer and The Progressive Populist both tabloid-style magazines?,1.0,1.0,1.0,1.0,1.0
LFM2 700M,naive,q306,"The 1984 film ""Marlene"" is a documentary about an actress born in what year?",1.0,1.0,1.0,1.0,1.0
LFM2 700M,naive,q307,Which former mill town is near Rivington Hall Barn?,1.0,1.0,1.0,0.5,0.6131471927654584
LFM2 700M,naive,q308,"What prolific English engineer, who died on 15 December 1857, contributed to the advent of the hot air engine by way of their open cycle devices?",0.3333333333333333,0.0,1.0,0.5,0.3065735963827292
LFM2 700M,naive,q309,"Which dog is considered a giant dog breed, the  Leonberger or the Basset Hound?",1.0,1.0,1.0,1.0,1.0
LFM2 700M,naive,q310,Are Staten Island Catapult and This Is Elvis both documentaries?,1.0,1.0,1.0,1.0,1.0
LFM2 700M,naive,q311,"What is the year of the event that occured first, Making Today a Perfect Day was produced, or Frozen was produced?",1.0,1.0,1.0,0.5,0.6131471927654584
LFM2 700M,naive,q312,"Which magazine is published more often, Shonen Jump or Rolling Stone?",1.0,1.0,1.0,1.0,1.0
LFM2 700M,naive,q313,Where is the Cocoa Krispies and former Superman sponsor located?,0.0,0.0,0.0,0.0,0.0
LFM2 700M,naive,q314,Who was born first Am Rong or Ava DuVernay ?,1.0,1.0,1.0,1.0,1.0
LFM2 700M,naive,q315,How many days did it take the Best New Artist of 2009 to sell 2 million copies of an album in the UK and break a twenty year old record?,0.5,0.0,1.0,1.0,0.6934264036172708
LFM2 700M,naive,q316,"""Ew!"" is a song by a television host born where?",1.0,1.0,1.0,0.5,0.6131471927654584
LFM2 700M,naive,q317,The northern English anglian Kingdom in the Humber estuary spoke what dialect of english?,1.0,1.0,1.0,1.0,0.9197207891481876
LFM2 700M,naive,q318,"What Kentucky county has a population of 60,316 and features the Lake Louisvilla neighborhood?",1.0,1.0,1.0,0.5,0.6131471927654584
LFM2 700M,naive,q319,Are both Duke Energy and Affiliated Managers Group based in Massachusetts?,1.0,1.0,1.0,1.0,1.0
LFM2 700M,naive,q320,"Two positions were filled in The Voice of Ireland b which British-Irish girl group based in London, England?",1.0,1.0,1.0,1.0,1.0
LFM2 700M,naive,q321,"Who was also an actor, Serri or John Fogerty?",1.0,1.0,1.0,1.0,0.9197207891481876
LFM2 700M,naive,q322,"What is the international football competition for women that Liu Ailing played in the 1991,1995, 1999 editions?",1.0,1.0,1.0,1.0,1.0
LFM2 700M,naive,q323,Rock Springs is a collection of short stories by an author born in what year?,1.0,1.0,1.0,1.0,1.0
LFM2 700M,naive,q324,Folie à Deux is a studio album by the American rock band formed in which city?,1.0,1.0,1.0,0.5,0.6131471927654584
LFM2 700M,naive,q325,"This work of literature _______ , known by its Greek title Oedipus Tyrannus was argued by Sigmund Freud to be one of the greatest works of world literature in his 1928 article.",1.0,1.0,1.0,1.0,0.9197207891481876
LFM2 700M,naive,q326,Katherine Waterston and Chrisann Brennan has what in common?,1.0,1.0,1.0,1.0,1.0
LFM2 700M,naive,q327,"The voice of Homer Simpson also voices what alien character in the television series ""The Simpsons""?",1.0,1.0,1.0,0.5,0.6131471927654584
LFM2 700M,naive,q328,What studio album did Kanye West record with Roc-A-Fella Records and soul singer Dwele?,0.3333333333333333,0.0,1.0,0.5,0.3065735963827292
LFM2 700M,naive,q329,Were Enrique Carreras and Lionel Ngakane both filmakers during the 20th century?,1.0,1.0,1.0,1.0,1.0
LFM2 700M,naive,q330,The city that contains the Yunnan Provincial Museum is also known by what nickname?,0.5,0.0,1.0,1.0,0.6934264036172708
LFM2 700M,naive,q331,"Where is the singer of ""B Boy"" raised?",0.5,0.0,1.0,0.5,0.38685280723454163
LFM2 700M,naive,q332,The Column of Saint Zanobi  is a monumental marble column located just north of religious building with the status of what?,1.0,1.0,1.0,0.5,0.6131471927654584
LFM2 700M,naive,q333,The Ingerophrynus gollum is named after a character in a book that sold how many copies?,0.5,0.0,1.0,1.0,0.6934264036172708
LFM2 700M,naive,q334,"What Danish eurodance group had a single called ""Barbie Girl"" which resulted in a lawsuit in 2002?",1.0,1.0,1.0,0.5,0.6131471927654584
LFM2 700M,naive,q335,"Which case was decided first, Selle v. Gibb or Reynolds v. Sims?",1.0,1.0,1.0,1.0,1.0
LFM2 700M,naive,q336,Mamie Gummer played the role of Nancy Crozier on the TV series airing on what network?,1.0,1.0,1.0,0.5,0.6131471927654584
LFM2 700M,naive,q337,What country do both Adnan Akmal and Kamran Akmal represent in cricket?,1.0,1.0,1.0,1.0,1.0
LFM2 700M,naive,q338,Did Franki Valli sing with Hellogoodbye or The Four Seasons?,1.0,1.0,1.0,0.5,0.6131471927654584
LFM2 700M,naive,q339,Both Sorbaria and Goldenrod are a genus of more than 50 flowering plants?,1.0,1.0,1.0,1.0,1.0
LFM2 700M,naive,q340,"What is the capacity of the Stadium, other than Kauffman Stadium, designed by Charles Deaton ?",1.0,1.0,1.0,1.0,0.9197207891481876
LFM2 700M,naive,q341,"Who is the current drummer of the band who did the song ""What Lovers Do""?",1.0,1.0,1.0,0.5,0.6131471927654584
LFM2 700M,naive,q342,What 2017 Christopher B. Landon directed American slasher film is Jessica Rothe starring in?,1.0,1.0,1.0,1.0,1.0
LFM2 700M,naive,q343,Who was the president of the Sinn Fein political party during the Hume-Adams Dialogue?,1.0,1.0,1.0,1.0,0.9197207891481876
LFM2 700M,naive,q344,Which of these battles occurred earlier--the Battle of Peleliu or the Battle of Belleau Wood?,1.0,1.0,1.0,1.0,1.0
LFM2 700M,naive,q345,Garden Island Naval Chapel is the oldest Chistian chapel of a naval branch of what defence force?,1.0,1.0,1.0,0.5,0.6131471927654584
LFM2 700M,naive,q346,Július Satinský was born in a city that has a current population of what?,1.0,1.0,1.0,1.0,1.0
LFM2 700M,naive,q347,"What was the name of the 19th century foundry which was located in a village directly across the Hudson River from Westpoint in Putnam County, New York?",0.5,0.0,1.0,0.5,0.38685280723454163
LFM2 700M,naive,q348,What fictional character created by Tom Clancy was turned into a film in 2002?,1.0,1.0,1.0,0.5,0.6131471927654584
LFM2 700M,naive,q349,Wheat salad is composed typically of what red fruit?,1.0,1.0,1.0,0.5,0.6131471927654584
LFM2 700M,naive,q350,What year did the biographical-comedy-crime film directed by Steven Soderbergh about the highest-level corporate executive whistleblower come out?,1.0,1.0,1.0,0.5,0.6131471927654584
LFM2 700M,naive,q351,"when was the album that includes the song by Dustin Lynch released to country radio on February 17, 2017?",1.0,1.0,1.0,1.0,1.0
LFM2 700M,naive,q352,"Which playwright lived a longer life, Edward Albee or J. M. Barrie?",1.0,1.0,1.0,1.0,1.0
LFM2 700M,naive,q353,Are both Rutgers University and Carnegie Mellon University located in America?,1.0,1.0,1.0,1.0,1.0
LFM2 700M,naive,q354,"Vanessa Bley is what person who organizes and often finances concerts, plays, or operas, performing a role?",1.0,1.0,1.0,1.0,1.0
LFM2 700M,naive,q355,Were Thomas H. Ince and Joseph McGrath of the same nationality?,1.0,1.0,1.0,1.0,1.0
LFM2 700M,naive,q356,Are Phlebodium and Pieris both species of ferns?,1.0,1.0,1.0,1.0,0.9197207891481876
LFM2 700M,naive,q357,Bartlett's Bridge was built by the engineer who worked for the county seat of which Massachusetts county?,1.0,1.0,1.0,1.0,1.0
LFM2 700M,naive,q358,"Which novelist, J. G. Farrell or Louis Aragon, wrote of the political and human consequences of his country's colonial rule?",1.0,1.0,1.0,1.0,1.0
LFM2 700M,naive,q359,What city did the characters from Gargoyles the Movie: The Heroes Awaken wake up in after being in an enchantedly petrified state for a thousand years?,1.0,1.0,1.0,0.5,0.6131471927654584
LFM2 700M,naive,q360,Who were the producers of the show for which Chris McKay made his feature film directorial debut?,1.0,1.0,1.0,0.5,0.6131471927654584
LFM2 700M,naive,q361,The Waterloo Vase has been used as a garden ornament at whose residence and administrative headquarters?,1.0,1.0,1.0,1.0,1.0
LFM2 700M,naive,q362,Scott Sandelin grew up in a town in what Minnesota county?,1.0,1.0,1.0,0.5,0.6131471927654584
LFM2 700M,naive,q363,The 37th Disney animated feature film Tarzan features You'll be in my heart by which artist?,1.0,1.0,1.0,1.0,0.9197207891481876
LFM2 700M,naive,q364,What type of media does J. T. Petty and Outlast have in common?,1.0,1.0,1.0,1.0,1.0
LFM2 700M,naive,q365,"Where did the architect of the Governor's House, located in Knutsford, graduate from college?",1.0,1.0,1.0,0.5,0.6131471927654584
LFM2 700M,naive,q366,"What is the latest album of Tim Hecker, the Canadian electronic music maker?",1.0,1.0,1.0,0.5,0.6131471927654584
LFM2 700M,naive,q367,What is the name of this Fortune 500 American company that operates a chain of retail home improvement stores that sponsored House Rules?,1.0,1.0,1.0,1.0,1.0
LFM2 700M,naive,q368,"For what ""first"" was Ivory Lee Brown's nephew credited for in Heisman Trophy balloting?",1.0,1.0,1.0,0.5,0.6131471927654584
LFM2 700M,naive,q369,"Haruki Murakami said that writing ""Dance Dance Dance"" had been a healing act after his unexpected fame following the publication of a novel published in which year ?",1.0,1.0,1.0,0.5,0.6131471927654584
LFM2 700M,naive,q370,Erica Packer was the second wife of what Australian businessman?,1.0,1.0,1.0,1.0,1.0
LFM2 700M,naive,q371,What type of media does Bitter Jester and Sicko have in common?,1.0,1.0,1.0,0.5,0.6131471927654584
LFM2 700M,naive,q372,"What country does Eric A. Sykes and Eccles, Greater Manchester have ion common?",1.0,1.0,1.0,1.0,0.9197207891481876
LFM2 700M,naive,q373,"What South Korean actor was a member of the pop duo TVXQ and stared in Heading to the Ground, a 2009 MBC television series?",1.0,1.0,1.0,1.0,1.0
LFM2 700M,naive,q374,"which is traditionally drunk before retiring to bed, Hot toddy or Kir?",1.0,1.0,1.0,1.0,0.9197207891481876
LFM2 700M,naive,q375,"What year was the film ""Mom"" released, starring the voice of Shashaa Tirupati?",1.0,1.0,1.0,1.0,1.0
LFM2 700M,naive,q376,For One Night Only was hosted by the man most well-known for hosting what show from 1962 until 1999?,1.0,1.0,1.0,0.5,0.6131471927654584
LFM2 700M,naive,q377,What company did Roscoe Channing form with the owner of a leading stable of thoroughbred racehorses?,1.0,1.0,1.0,1.0,1.0
LFM2 700M,naive,q378,"Jens Risom introduced what type of design, characterized by minimalism and functionality?",1.0,1.0,1.0,1.0,1.0
LFM2 700M,naive,q379,Which of the movie which has Rich Lee 3-D previsualizations was directed by Francis Lawrence?,0.0,0.0,0.0,0.0,0.0
LFM2 700M,naive,q380,What criteria subjectively qualifies the Houston Astrodome to be called the Eighth Wonder of the World?,1.0,1.0,1.0,1.0,1.0
LFM2 700M,naive,q381,"Who was born first, José Echegaray y Eizaguirre or P. J. O'Rourke?",1.0,1.0,1.0,1.0,1.0
LFM2 700M,naive,q382,Who did the Doncaster Belles play in the 1994 FA Women's Cup Final held at Glanford Park?,1.0,1.0,1.0,1.0,1.0
LFM2 700M,naive,q383,What act for Innocent Records achieved Platinum sales and shares its name with a primary color in the RGB color model?,1.0,1.0,1.0,0.5,0.6131471927654584
LFM2 700M,naive,q384,"What national historic district is located near a village in the town of Philipstown, New York?",0.5,0.0,1.0,0.5,0.38685280723454163
LFM2 700M,naive,q385,Which American writer wrote both The Ganymede Takeover (1967) and The Man in the High Castle (1962)?,1.0,1.0,1.0,1.0,1.0
LFM2 700M,naive,q386,Curt Menefee is the host of the Fox network's NFL show with co-host Michael Anthony Strahan who spent his entire 15-year career with what team?,1.0,1.0,1.0,1.0,1.0
LFM2 700M,naive,q387,Francisco Jose Hernandez was a participant in an invasion that took place in what year?,1.0,1.0,1.0,1.0,1.0
LFM2 700M,naive,q388,Dead but Rising was a song by the Danish band fomed in what city in 2001?,1.0,1.0,1.0,0.5,0.6131471927654584
LFM2 700M,naive,q389,"The man, who the award in which ""Summer of the Monkeys"" won, was a spokesman for white sector of America?",1.0,1.0,1.0,0.5,0.6131471927654584
LFM2 700M,naive,q390,Which lead actor/actress in War Chhod Na Yaar has also acted in Bengali and English-language films?,1.0,1.0,1.0,0.5,0.6131471927654584
LFM2 700M,naive,q391,What type of movie are Wishing Stairs and Voice?,1.0,1.0,1.0,1.0,1.0
LFM2 700M,naive,q392,"Which cast member of Alice Upside Down also stars in the ABC Family/Freeform drama ""Switched at Birth?""",1.0,1.0,1.0,0.5,0.6131471927654584
LFM2 700M,naive,q393,What kind of movie directed by F. Javier gutierrez did an Italian model and actress star in?,0.0,0.0,0.0,0.0,0.0
LFM2 700M,naive,q394,In which county is the English king Harold Godwinson buried?,0.0,0.0,0.0,0.0,0.0
LFM2 700M,naive,q395,"Who wrote The Devils, and was an eninent English theater, opera and film director?",1.0,1.0,1.0,0.5,0.6131471927654584
LFM2 700M,naive,q396,Which Grand Slam singles tournament have Francesca Schiavone and Olga Morozova both been finalists in?,1.0,1.0,1.0,1.0,1.0
LFM2 700M,naive,q397,"""Kapitän zur See"" Ernst Lindemann was the commander of which one of two battleships built for Nazi Germany's ""Kriegsmarine""?",0.5,0.0,1.0,0.5,0.38685280723454163
LFM2 700M,naive,q398,"Which football team does Lewis Young's older brother, Ashley Young, play for?",1.0,1.0,1.0,1.0,1.0
LFM2 700M,naive,q399,Snowdrop is a proprietary game engine first revealed with an online-only action role-playing video game developed by who?,1.0,1.0,1.0,0.5,0.6131471927654584
LFM2 700M,naive,q400,Wendy Ayche was featured in 2016 in an annual production created by Youtube and what other organization?,1.0,1.0,1.0,1.0,1.0
LFM2 700M,naive,q401,"John MacGregor, Baron MacGregor of Pulham Market was educated at the University of St Andrews and another university established by what monach?",1.0,1.0,1.0,0.5,0.6131471927654584
LFM2 700M,naive,q402,"Which game was released first, Icehouse pieces or Kill Doctor Lucky?",1.0,1.0,1.0,1.0,1.0
LFM2 700M,naive,q403,American Blues included the drummer from which American rock band?,0.5,0.0,1.0,0.5,0.38685280723454163
LFM2 700M,naive,q404,"The Indian actor and philanthropist, who starred in ""Mera Damad,"" entered the film industry in what year?",0.5,0.0,1.0,0.5,0.38685280723454163
LFM2 700M,naive,q405,The Jeep Cherokee was originally sold as a variant of a Jeep model produced during what years?,1.0,1.0,1.0,0.5,0.6131471927654584
LFM2 700M,naive,q406,Where was the person born who was recognized by MIAL and is an American soprano?,1.0,1.0,1.0,1.0,0.9197207891481876
LFM2 700M,naive,q407,"Which magazine is older, Gallery or Dime Magazine?",1.0,1.0,1.0,1.0,1.0
LFM2 700M,naive,q408,which writer has the highest number of skill  Langston Hughes or  Ian McEwan,1.0,1.0,1.0,1.0,1.0
LFM2 700M,naive,q409,How large is the shopping mall where KGOT radio station has its studios ?,1.0,1.0,1.0,0.5,0.6131471927654584
LFM2 700M,naive,q410,What are the names of the members of the Detroit-based hip hop duo who has worked with Jason Gilbert?,1.0,1.0,1.0,1.0,0.9197207891481876
LFM2 700M,naive,q411,"Which has the larger population, Shanghai or Hanggin Rear Banner?",1.0,1.0,1.0,0.5,0.6131471927654584
LFM2 700M,naive,q412,"Jacques Mathou starred in Delicatessen, the 1991 French movie in the style of which celebrated American animator?",1.0,1.0,1.0,1.0,1.0
LFM2 700M,naive,q413,"Jacques Sernas, actor in Fugitive in Trieste, was of what nationality?",1.0,1.0,1.0,1.0,1.0
LFM2 700M,naive,q414,The VMAQT-1 logo is a female spirit in Irish mythology who heralds the death of what?,1.0,1.0,1.0,1.0,1.0
LFM2 700M,naive,q415,"The actress that played the leading role in the independent film ""A Perfect Ending"" also stars with John Bregar in a 2008 film directed by who?",0.0,0.0,0.0,0.0,0.0
LFM2 700M,naive,q416,"Which band is from England, Fireflight or Dirty Pretty Things?",1.0,1.0,1.0,1.0,1.0
LFM2 700M,naive,q417,"The Bart the Fink episode of The Simpsons aired in February of 1996, and involves the host of which kiddie show?",1.0,1.0,1.0,1.0,1.0
LFM2 700M,naive,q418,"Which mall, Wilton Mall or Viaport Rotterdam, has had more owners?",1.0,1.0,1.0,1.0,0.9197207891481876
LFM2 700M,naive,q419,Which close friend of an American former basketball player was signed for to play for the Timberwolves?,1.0,1.0,1.0,0.5,0.6131471927654584
LFM2 700M,naive,q420,What is the 2010 population of the city 2.1 miles southwest of Marietta Air Force Station?,1.0,1.0,1.0,0.5,0.6131471927654584
LFM2 700M,naive,q421,Are Buried Country and South of the Border both films turned into stage performances?,1.0,1.0,1.0,1.0,1.0
LFM2 700M,naive,q422,"""A Summer in the Cage"" and ""American Hardcore"" are both what kind of film?",1.0,1.0,1.0,1.0,0.9197207891481876
LFM2 700M,naive,q423,How many novels are there in the series of novels of which Shadows in Flight is the tenth novel ?,1.0,1.0,1.0,0.5,0.6131471927654584
LFM2 700M,naive,q424,One of the coaches of Southern Methodist University also played what role at the Arizona State Sun Devils?,0.0,0.0,0.0,0.0,0.0
LFM2 700M,naive,q425,What is the height of the player who won the 2015 AFL Rising Star award?,1.0,1.0,1.0,0.5,0.6131471927654584
LFM2 700M,naive,q426,Las Vegas Festival Grounds is north of the hotel that is owned by which company?,1.0,1.0,1.0,0.5,0.6131471927654584
LFM2 700M,naive,q427,"Which musical fantasy film is older, Bedknobs and Broomsticks or The Muppet Christmas Carol?",1.0,1.0,1.0,1.0,1.0
LFM2 700M,naive,q428,"Which river system in Chilhowie, Virginia was the starting place for most Longhunters?",1.0,1.0,1.0,0.5,0.6131471927654584
LFM2 700M,naive,q429,What party does the House of Commons representative for Congleton belong to?,1.0,1.0,1.0,1.0,1.0
LFM2 700M,naive,q430,Season 2 of Rick and Morty began with the episode directed by whom?,1.0,1.0,1.0,0.5,0.6131471927654584
LFM2 700M,naive,q431,What team did the recipient of the 2007 Brownlow Medal play for?,1.0,1.0,1.0,0.5,0.6131471927654584
LFM2 700M,naive,q432,Were both the Battle of Stones River and the Battle of the Ch'ongch'on River fought in the 19th century?,1.0,1.0,1.0,1.0,1.0
LFM2 700M,naive,q433,"Who has more scope of profession, Phil Rosen or  Delmer Daves?",1.0,1.0,1.0,1.0,1.0
LFM2 700M,naive,q434,"Which band has more members, Test Icicles or X Ambassadors?",1.0,1.0,1.0,1.0,1.0
LFM2 700M,naive,q435,The movies The Boatniks and The Great Locomotive Chase were both made by which production company?,1.0,1.0,1.0,1.0,1.0
LFM2 700M,naive,q436,How long is the river for which Frenchmans Creek is a tributary?,1.0,1.0,1.0,0.5,0.6131471927654584
LFM2 700M,naive,q437,Where is the school that Tyler Kalinoski went to located?,1.0,1.0,1.0,0.5,0.6131471927654584
LFM2 700M,naive,q438,Ambrose Mendy has managed and/or advised a British professional boxer that as of July 2017 is ranked the world's seventh best super middleweight by who?,1.0,1.0,1.0,1.0,1.0
LFM2 700M,naive,q439,"Rejuvelac is kind of grain water invented and promoted by a ""holistic health"" practitioner born in which year ?",1.0,1.0,1.0,0.5,0.6131471927654584
LFM2 700M,naive,q440,What town host an annual media finance conference that has featured an Australian-born American media mogul?,1.0,1.0,1.0,1.0,1.0
LFM2 700M,naive,q441,Ronald Reagan and George H. W. Bush both held which position in office?,1.0,1.0,1.0,1.0,1.0
LFM2 700M,naive,q442,"In between The Bears and I and Oceans which was released on July 31, 1974, by Buena Vista Distribution?",1.0,1.0,1.0,0.5,0.6131471927654584
LFM2 700M,naive,q443,What book provided the foundation for Masters and Johnson's research team?,1.0,1.0,1.0,0.5,0.6131471927654584
LFM2 700M,naive,q444,"What star of ""Attack of the Gryphon"" was also a voice artist in Johnny Bravo?",1.0,1.0,1.0,1.0,0.9197207891481876
LFM2 700M,naive,q445,"Which fantasy film from 1971 featured the song ""The Age of Not Believing""?",1.0,1.0,1.0,1.0,1.0
LFM2 700M,naive,q446,Mick Carter is the landlord of a public house located at what address?,1.0,1.0,1.0,0.5,0.6131471927654584
LFM2 700M,naive,q447,"What television thriller anthology did the winner of one Golden Globe, two tony Awards and six Primetime Emmy Awards appear on?",0.0,0.0,0.0,0.0,0.0
LFM2 700M,naive,q448,What Cayman Islands registered Mandarin and Cantonese-language television broadcaster launched Phoenix Hong Kong Channel on 28 March 2011?,1.0,1.0,1.0,1.0,1.0
LFM2 700M,naive,q449,What is the name of the film starring Rose McGowan and features the character Earl McGraw's daughter?,0.0,0.0,0.0,0.0,0.0
LFM2 700M,naive,q450,"Chimaja Appawas the younger brother of a general of the Maratha Empire in India, who served as what to the fifth Maratha Chhatrapati Shahu from 1720 until his death?",1.0,1.0,1.0,1.0,0.9197207891481876
LFM2 700M,naive,q451,What is the name of the oldest child that attended the Trump campaign-Russian meeting?,1.0,1.0,1.0,1.0,1.0
LFM2 700M,naive,q452,The 1st Virginia Regiment saw action at a battle that led to the departure of what Royal Governor?,1.0,1.0,1.0,0.5,0.6131471927654584
LFM2 700M,naive,q453,"Which Argentine telenovela broadcast by Telefe from March 12 to December 19, 2012 starred Isabel Macedo as Jimena Benitez?",1.0,1.0,1.0,0.5,0.6131471927654584
LFM2 700M,naive,q454,What was position of the man who served Prince Andrew from 1990-2001?,1.0,1.0,1.0,0.5,0.6131471927654584
LFM2 700M,naive,q455,Are Agee and To Shoot an Elephant both documentaries about war?,1.0,1.0,1.0,1.0,1.0
LFM2 700M,naive,q456,"What shallow water table aquifer is located near the county seat of Keith County, Nebraska?",1.0,1.0,1.0,1.0,0.9197207891481876
LFM2 700M,naive,q457,Who was born first Mahbub ul Haq or Ibn Arabi?,0.5,0.0,1.0,0.5,0.38685280723454163
LFM2 700M,naive,q458,What does the goddess associated with the goddess frigg  consists of what tales?,1.0,1.0,1.0,0.5,0.6131471927654584
LFM2 700M,naive,q459,"What competition held in Kathmandu, Nepal did Julian Bolling compete in 1984?",1.0,1.0,1.0,1.0,1.0
LFM2 700M,naive,q460,William Pery served as Captain of the Yeomen of the Guard under the lord who served in what position from 1865 to 1868?,1.0,1.0,1.0,0.5,0.6131471927654584
LFM2 700M,naive,q461,William Cammisano was part of which Mafia family?,1.0,1.0,1.0,0.5,0.6131471927654584
LFM2 700M,naive,q462,1956 Night Series Cup games were played at what inner suburb of Melbourne that is 3km south of Melbourne's central business district?,1.0,1.0,1.0,1.0,0.9197207891481876
LFM2 700M,naive,q463,When did the game which held three times in  in East Asia first held,0.5,0.0,1.0,0.5,0.38685280723454163
LFM2 700M,naive,q464,Blinding Edge Pictures produced which 2000 film starring Bruce Willis?,1.0,1.0,1.0,1.0,1.0
LFM2 700M,naive,q465,"What kind of dinosaur does Raymond Ochoa voice in the Pixar film ""The Good Dinosaur""?",1.0,1.0,1.0,1.0,1.0
LFM2 700M,naive,q466,Which American Space Western animated series did Celebrity Home Entertainment released,1.0,1.0,1.0,0.5,0.6131471927654584
LFM2 700M,naive,q467,How are elephants connected to Gajabrishta?,1.0,1.0,1.0,1.0,1.0
LFM2 700M,naive,q468,"Which battle occurred first, the Battle of Manila or the Battle of Guam?",1.0,1.0,1.0,1.0,0.9197207891481876
LFM2 700M,naive,q469,Kam Heskin plays Paige Morgan in a 2004 film directed by who?,1.0,1.0,1.0,1.0,1.0
LFM2 700M,naive,q470,"What 2016 film stars actor Xavier Samuel and an actress who portrayed Vasilisa Dragomir in the film ""Vampire Academy""?",0.5,0.0,1.0,0.5,0.38685280723454163
LFM2 700M,naive,q471,What type of profession does Ithu Engal Neethi and Shoba Chandrasekhar have in common?,1.0,1.0,1.0,1.0,1.0
LFM2 700M,naive,q472,In what field does the firm at which Claudio Fernández-Aráoz was a currently a senior adviser offers services?,1.0,1.0,1.0,0.5,0.6131471927654584
LFM2 700M,naive,q473,Eric Ambler and Carol Shields are both best Known for what profession?,1.0,1.0,1.0,1.0,1.0
LFM2 700M,naive,q474,"Which ""Official Ireland"" group comprises about  78.3% of the population of Ireland?",1.0,1.0,1.0,1.0,1.0
LFM2 700M,naive,q475,Where was the telefilm shot that was based on the 1977 Katherine Paterson book?,0.5,0.0,1.0,0.5,0.38685280723454163
LFM2 700M,naive,q476,Which American cable news and talk radio host was the former GOP representative,1.0,1.0,1.0,1.0,0.9197207891481876
LFM2 700M,naive,q477,"What Division was the college footbal team that fired their head coach on November 24, 2006?",0.5,0.0,1.0,0.5,0.38685280723454163
LFM2 700M,naive,q478,"Which is a Macedonian weekly, Hänt Extra or Tea Moderna?",1.0,1.0,1.0,1.0,1.0
LFM2 700M,naive,q479,What is the shared country of ancestry between Art Laboe and Scout Tufankjian?,1.0,1.0,1.0,1.0,1.0
LFM2 700M,naive,q480,Who programmed a cartridge-based development system made by a company noted for authoring Atari's BASIC?,0.5,0.0,1.0,0.5,0.38685280723454163
LFM2 700M,naive,q481,"Which record label released Van Morrison's ""I've Been Working"" on the album ""His Band and the Street Choir""?",1.0,1.0,1.0,1.0,1.0
LFM2 700M,naive,q482,Hate Them is the ninth album by a band likened to who?,1.0,1.0,1.0,0.5,0.6131471927654584
LFM2 700M,naive,q483,"How did Emilie du Chatelet, Voltaire's love, contribute to the basic laws of physics?",1.0,1.0,1.0,1.0,1.0
LFM2 700M,naive,q484,Were Goo Goo Dolls and Echosmith formed in the same city?,1.0,1.0,1.0,1.0,1.0
LFM2 700M,naive,q485,The Detroit mayoral elections of 2009 took place to fill the vacancy created by a politician who was sentenced to what?,1.0,1.0,1.0,1.0,1.0
LFM2 700M,naive,q486,In what year was the team that Luke Clark plays either right back or central midfielder for founded?,1.0,1.0,1.0,0.5,0.6131471927654584
LFM2 700M,naive,q487,What genre of music was played by both Tappi Tíkarrass and INXS?,1.0,1.0,1.0,1.0,0.9197207891481876
LFM2 700M,naive,q488,A puzzle-platform video game developed by the Valve Corporation is part of what 2012 action-adventure game?,1.0,1.0,1.0,0.5,0.6131471927654584
LFM2 700M,naive,q489,What produces the hormone that promotes sodium retention in the distal nephron?,1.0,1.0,1.0,1.0,1.0
LFM2 700M,naive,q490,How many Senate seats will be contested during the midterm elections that Nancy Soderberg has filed to run for Congress in?,1.0,1.0,1.0,0.5,0.6131471927654584
LFM2 700M,naive,q491,In between Berghuis v. Thompkins and Mississippi University for Women v. Hogan which one was a  case decided 5-4 by the Supreme Court of the United States?,1.0,1.0,1.0,1.0,1.0
LFM2 700M,naive,q492,Which jazz singer has a 2003 album entitled The Boy Next Door?,1.0,1.0,1.0,0.5,0.6131471927654584
LFM2 700M,naive,q493,The actor who appeared on Charlotte's Shorts and Weeds was born in what year?,0.5,0.0,1.0,0.5,0.38685280723454163
LFM2 700M,naive,q494,"After he was contracted by the team that is headquartered in Affalterbach, Baden-Württemberg, Germany, Dario Franchitti competed in what series?",1.0,1.0,1.0,0.5,0.6131471927654584
LFM2 700M,naive,q495,"In which year did this division, where Cleveland Browns placed fourth in 2009, adopt its current name?",1.0,1.0,1.0,1.0,1.0
LFM2 700M,naive,q496,How many restaurants comprise the quick service restaurant chain that Ron Joyce helped found?,0.5,0.0,1.0,0.5,0.38685280723454163
LFM2 700M,naive,q497,Anthony Avent played basketball fo a High School that is located in a city approcimately 8 mi west of where?,1.0,1.0,1.0,0.5,0.6131471927654584
LFM2 700M,naive,q498,What edition of tennis' US Open was the 2017 US Open when Petra Kvitova was a quarterfinalist?,1.0,1.0,1.0,0.5,0.6131471927654584
LFM2 700M,naive,q499,Walt Zeboski photographed which 40th President during his campaign in 1980?,1.0,1.0,1.0,1.0,0.9197207891481876
LFM2 700M,naive,q500,"What type of film are both ""500 Years Later"" and ""Manson""?",1.0,1.0,1.0,1.0,1.0
LFM2 700M,naive,q501,Who was the film which was Kim Dae-woo's directing debut about ?,1.0,1.0,1.0,0.5,0.6131471927654584
LFM2 700M,naive,q502,Which city was the man who is known for a science humor story based on the tongue-in-cheek combination of two adages born in?,0.3333333333333333,0.0,1.0,0.5,0.3065735963827292
LFM2 700M,naive,q503,What was the largest passenger capacity of the plane type used for BOAC Flight 911 ?,1.0,1.0,1.0,0.5,0.6131471927654584
LFM2 700M,naive,q504,"What is the birthday of this Anglo-Irish actress, courtean, and mistress, who was the mother to the illegitimate daughter of King William IV?",1.0,1.0,1.0,0.5,0.6131471927654584
LFM2 700M,naive,q505,"During which years was the model of car, featured on the cover of Earth's ""Pentastar: In the Style of Demons"" manufactured?",0.0,0.0,0.0,0.0,0.0
LFM2 700M,naive,q506,"The ""civic rally cross"" was sold alongside what other model sold exclusively in Japan at Honda Verno dealerships?",0.0,0.0,0.0,0.0,0.0
LFM2 700M,naive,q507,Is Gasherbrum II or Nuptse closest to the tallest mountain in the world?,1.0,1.0,1.0,1.0,0.9197207891481876
LFM2 700M,naive,q508,Which constituent college of the University of Oxford endows four professorial fellowships for sciences including chemistry and pure mathematics?,1.0,1.0,1.0,1.0,1.0
LFM2 700M,naive,q509,"In what London botanical garden can you find the fungus described by Elise Maud Wakefield as ""Lepiota""?",1.0,1.0,1.0,1.0,0.9197207891481876
LFM2 700M,naive,q510,"Who collaborated with Rihanna on the album release ""Numb""?",1.0,1.0,1.0,0.5,0.6131471927654584
LFM2 700M,naive,q511,Christopher Oscar Pena was recognized by an entertainment-industry brand aimed at what?,1.0,1.0,1.0,0.5,0.6131471927654584
LFM2 700M,naive,q512,"What was the nationality of the actor playing a Russian hostage taker in ""Hostage for a Day""?",1.0,1.0,1.0,0.5,0.6131471927654584
LFM2 700M,naive,q513,The Argentine National Anthem was adopted 3 years after which event that led to the removal of Viceroy Baltasar Hildalgo de Cisneros?,1.0,1.0,1.0,0.5,0.6131471927654584
LFM2 700M,naive,q514,What professions did S. Sylvan Simon and Danny Cannon have in common?,1.0,1.0,1.0,1.0,1.0
LFM2 700M,naive,q515,What number album is the first W.A.S.P. album to feature Steven Edward Duren playing guitar?,1.0,1.0,1.0,0.5,0.6131471927654584
LFM2 700M,naive,q516,What city did the Freebooters F.C. soccer team lose in that is now known as Croke Park?,1.0,1.0,1.0,1.0,1.0
LFM2 700M,naive,q517,What screenplay was worked on by both Edward Carfagno and Miklos Rozsa?,1.0,1.0,1.0,0.5,0.6131471927654584
LFM2 700M,naive,q518,Which avant-garde Japanese composer studied with John Cage and wrote Music for Electric Metronomes?,1.0,1.0,1.0,1.0,1.0
LFM2 700M,naive,q519,"Where is the academy, for which Joseph D. Stewart was appointed Superintendent, located?",1.0,1.0,1.0,0.5,0.6131471927654584
LFM2 700M,naive,q520,James Spedding was chiefly known as the editor of the works of an author who served both as Attorney General and as what?,1.0,1.0,1.0,1.0,1.0
LFM2 700M,naive,q521,"Which movie directed by James Gunn portrayed the fictional character, Ego the Living Planet?",1.0,1.0,1.0,0.5,0.6131471927654584
LFM2 700M,naive,q522,"The Government of Canada, which is the federal administration of Canada, is involved in what scandal in the province of Quebec?",1.0,1.0,1.0,1.0,1.0
LFM2 700M,naive,q523,"who had to escape nazis, Sigmund Freud or Evelyn Waugh?",1.0,1.0,1.0,1.0,1.0
LFM2 700M,naive,q524,Conrad Anker located the body of a mountaineer who took part it the first three British expeditions to which mountain?,1.0,1.0,1.0,1.0,0.9197207891481876
LFM2 700M,naive,q525,José Saramago and Ivo Andrić were recipients of what award in Literature?,1.0,1.0,1.0,1.0,1.0
LFM2 700M,naive,q526,Are Chlidanthus and Maianthemum both flowering plants?,1.0,1.0,1.0,1.0,1.0
LFM2 700M,naive,q527,The Duke Steps Out stars an actress who was ranked tenth on a list of greatest female Hollywood stars in what year?,1.0,1.0,1.0,1.0,1.0
LFM2 700M,naive,q528,What drum machine was introduced in 1989 and allowed 32 notes to be played simultaneously?,1.0,1.0,1.0,0.5,0.6131471927654584
LFM2 700M,naive,q529,"Which band was formed first, Wavves or Social Code?",1.0,1.0,1.0,1.0,1.0
LFM2 700M,naive,q530,Iselin Solheim provided vocals in the song released on what date?,1.0,1.0,1.0,0.5,0.6131471927654584
LFM2 700M,naive,q531,"What took place first, The Korean War or The Western Allied invasion of Germany?",1.0,1.0,1.0,1.0,1.0
LFM2 700M,naive,q532,Are Mauritz Stiller and Johannes Grenzfurthner both of the same nationality?,1.0,1.0,1.0,1.0,1.0
LFM2 700M,naive,q533,Luke Null is an actor who was on the program that premiered its 43rd season on which date?,1.0,1.0,1.0,0.5,0.6131471927654584
LFM2 700M,naive,q534,"With whom did this American singer, songwriter and record producer, who contributed to the single ""Marvin Gaye"" with Julie Frost, co-produced and performed the 2015 song for a movie soundtrack?",0.3333333333333333,0.0,1.0,0.5,0.3065735963827292
LFM2 700M,naive,q535,"In what year did the Guild of Music Supervisors Awards recognize a British-American romantic drama film based on the 1952 romance novel ""The Price of Salt"" starring Cate Blanchett?",1.0,1.0,1.0,0.5,0.6131471927654584
LFM2 700M,naive,q536,"Who has released more studio albums, Candlelight Red or Motion City Soundtrack?",1.0,1.0,1.0,1.0,1.0
LFM2 700M,naive,q537,What number president was Annie Caputo nominated by to become a member of the Nuclear Regulatory Commission?,1.0,1.0,1.0,0.5,0.6131471927654584
LFM2 700M,naive,q538,Jack Alfred Evans played with a football club team that is based in what city in Australia?,1.0,1.0,1.0,0.5,0.6131471927654584
LFM2 700M,naive,q539,What is the date of birth of the English inventor that developed the Richard Hornsby & Sons oil engine?,0.5,0.0,1.0,1.0,0.6934264036172708
LFM2 700M,naive,q540,Where was the sports complex at which Will Brodie made his debut in the thirty-five point loss against Melbourne located?,1.0,1.0,1.0,0.5,0.6131471927654584
LFM2 700M,naive,q541,Cardinal Pole Roman Catholic School was named after the last Roman Catholic to hold what position?,1.0,1.0,1.0,1.0,1.0
LFM2 700M,naive,q542,"What job did Jörgen Smit work, where he was working in the world center for the anthroposophical movement?",1.0,1.0,1.0,1.0,1.0
LFM2 700M,naive,q543,The Dogwoman telemovies were created by an actress born in what year?,1.0,1.0,1.0,0.5,0.6131471927654584
LFM2 700M,naive,q544,Southeastern Illinois College offers an undergraduate academic degree considered to be greater level of education than what?,0.5,0.0,1.0,1.0,0.6934264036172708
LFM2 700M,naive,q545,The American Sweetgum is the hostplant of what kind of bug?,0.5,0.0,1.0,0.5,0.38685280723454163
LFM2 700M,naive,q546,The first book in the Sprawl Trilogy won what three awards?,1.0,1.0,1.0,0.5,0.6131471927654584
LFM2 700M,naive,q547,What drug is among the list of illegal drugs in the Philippines and can be taken by mouth or by injection?,1.0,1.0,1.0,0.5,0.6131471927654584
LFM2 700M,naive,q548,"The telenova ""El Ardiente Secreto"" was based ona novel published under what pen name?",1.0,1.0,1.0,0.5,0.6131471927654584
LFM2 700M,naive,q549,In the 2012-13 FC Sion they brought in Gennaro Gattuso and a player who now plays for what Scottish team?,1.0,1.0,1.0,0.5,0.6131471927654584
LFM2 700M,naive,q550,"WAVN is a Gospel formatted broadcast radio station tied to which city in DeSoto County, Mississippi?",1.0,1.0,1.0,0.5,0.6131471927654584
LFM2 700M,naive,q551,"The Azad Hind Dal was created by an Indian nationalist whose defiant patriotism made him a hero in India, but whose attempt to rid India of British rule during what war left a troubled legacy?",1.0,1.0,1.0,1.0,1.0
LFM2 700M,naive,q552,"What English stand-up comedian has a style of comedy full of ""stream-of-conscious banter""?",0.5,0.0,1.0,0.5,0.38685280723454163
LFM2 700M,naive,q553,Are both Jim McBride and Neil Jordan American?,1.0,1.0,1.0,1.0,1.0
LFM2 700M,naive,q554,What was the highest ranking in the United States for a single written by an English multi-instrumentalist?,0.0,0.0,0.0,0.0,0.0
LFM2 700M,naive,q555,Woman's Era and Naj are what kind of magazines?,1.0,1.0,1.0,1.0,1.0
LFM2 700M,naive,q556,Name a musician that worked with Hiren Roy and Vilayat Khan.,1.0,1.0,1.0,1.0,1.0
LFM2 700M,naive,q557,Are the flowering plants Ecballium and Elatostema in the same family?,1.0,1.0,1.0,1.0,1.0
LFM2 700M,naive,q558,Are Ganzhou and Jimo District both located in China?,0.5,0.0,1.0,1.0,0.6934264036172708
LFM2 700M,naive,q559,"Which has more species, Aichryson or Polypodium?",1.0,1.0,1.0,1.0,1.0
LFM2 700M,naive,q560,"Who is the psychologist who wrote about the disciple of the person known as the ""Wild Woman of Buttle""?",0.0,0.0,0.0,0.0,0.0
LFM2 700M,naive,q561,The Adoption and Safe Families Act and the Adoption 2002 Initiative were both instituted under which administration?,1.0,1.0,1.0,1.0,1.0
LFM2 700M,naive,q562,"Which band formed in England, Of Montreal or Vib Gyor?",1.0,1.0,1.0,1.0,0.9197207891481876
LFM2 700M,naive,q563,"Gualdo Tadino Cathedral, a Roman Catholic cathedral, was dedicated to Saint Bendict of Nursia who is a patron saint of what continent?",1.0,1.0,1.0,1.0,1.0
LFM2 700M,naive,q564,Where was the coach of the 1999 Oklahoma State Cowboys football team hired in 2013?,1.0,1.0,1.0,0.5,0.6131471927654584
LFM2 700M,naive,q565,Who is the author of the 1993 production Madge Ryan participated in?,1.0,1.0,1.0,0.5,0.6131471927654584
LFM2 700M,naive,q566,What are both James Hetfield and Bob Marley?,1.0,1.0,1.0,1.0,1.0
LFM2 700M,naive,q567,On what date will the comedy film directed by Kevin Tent and starring the Bulgarian-Canadian actress known for portraying the role of Mia Jones be released on video on demand services?,1.0,1.0,1.0,1.0,1.0
LFM2 700M,naive,q568,Which company owns the hotel on whose premises the Cotal Arena is located ?,1.0,1.0,1.0,0.5,0.6131471927654584
LFM2 700M,naive,q569,Rex Riot is known for a remix of the Kanye West song that was from which album?,1.0,1.0,1.0,0.5,0.6131471927654584
LFM2 700M,naive,q570,"The Company They Keep is a book written by Diana Pavlac Glyer, who is a professor at a university in Azusa, California, that was founded in 1899, and is under the auspices of what religion?",1.0,1.0,1.0,1.0,1.0
LFM2 700M,naive,q571,What city and nation was the location of the 2015 Pacific Games where the Kiribati national basketball team finished with a 0-4 record?,1.0,1.0,1.0,0.5,0.6131471927654584
LFM2 700M,naive,q572,What was the release date and price for the release of Mac OS X that has the software for creating WWF files?,1.0,1.0,1.0,1.0,1.0
LFM2 700M,naive,q573,"Which author influenced the animated Easter television special ""The First Easter Rabbit""?",1.0,1.0,1.0,0.5,0.6131471927654584
LFM2 700M,naive,q574,Ms. Knope Goes to Washington is the fifth season premiere of an American political comedy television sitcom starring Amy Poehler as who?,1.0,1.0,1.0,1.0,1.0
LFM2 700M,naive,q575,Lorenzo Monaco was influenced by which Italian painter and architect?,1.0,1.0,1.0,0.5,0.6131471927654584
LFM2 700M,naive,q576,"The 2011 La Manga Cup was won by Viking, who beat which Norwegian football club from the town of Kristiansand, currently playing in Tippeligaen having been promoted from Adeccoligaen in 2012?",1.0,1.0,1.0,1.0,1.0
LFM2 700M,naive,q577,"When did the tour begin for the album Taylor Swift released on October 22, 2012?",1.0,1.0,1.0,1.0,1.0
LFM2 700M,naive,q578,At which university did the notable psychoanalyst associated with the University of Chicago serve most of his career as a professor of psychiatry?,1.0,1.0,1.0,1.0,0.9197207891481876
LFM2 700M,naive,q579,"Chicagoland Sports Hall of Fame was founded by the company located in what Washington town, near the state capital?",1.0,1.0,1.0,0.5,0.6131471927654584
LFM2 700M,naive,q580,"The album ""The Best of LeAnn Rimes"" contained a song used as the theme song for a film. What is the name of the film?",0.5,0.0,1.0,1.0,0.6934264036172708
LFM2 700M,naive,q581,My Secret Hotel is a television series starring a South Korean DJ who rose to fame as the lead actress in what?,1.0,1.0,1.0,0.5,0.6131471927654584
LFM2 700M,naive,q582,Where was the author of Thoughts of Machiavelli born?,1.0,1.0,1.0,0.5,0.6131471927654584
LFM2 700M,naive,q583,The was the album with the song  Unbelievable by American rapper The Notorious B.I.G released?,1.0,1.0,1.0,0.5,0.6131471927654584
LFM2 700M,naive,q584,Which NCAA record does the quarterback of the Minnesota Vikings hold?,0.5,0.0,1.0,0.5,0.38685280723454163
LFM2 700M,naive,q585,"Which king of Northumbria did The ""Historia"" gives the abbot central place in his election as king",1.0,1.0,1.0,0.5,0.6131471927654584
LFM2 700M,naive,q586,What foundation do scholars give for the likelihood of collaboration on a William Shakespeare Play written between 1588 and 1593?,0.5,0.0,1.0,1.0,0.6934264036172708
LFM2 700M,naive,q587,"Fantasy Records is know for recordings of comedian Lenny Bruce, Creedence Clearwater Revival, and what American jazz pianist who composed the music for the animated television adaptations of the ""Peanuts"" comic strip?",1.0,1.0,1.0,1.0,1.0
LFM2 700M,naive,q588,When was the date of birth of one of the founder of Congo Reform Association?,1.0,1.0,1.0,0.5,0.6131471927654584
LFM2 700M,naive,q589,Which country borders the Central African Republic and is south of Libya and east of Niger?,1.0,1.0,1.0,1.0,1.0
LFM2 700M,naive,q590,Which piece did Ludwig van Beethoven publish in 1801 that was dedicated to Count Moritz von Fries?,1.0,1.0,1.0,1.0,0.9197207891481876
LFM2 700M,naive,q591,"The American restaurant chain, the Original House of Pies, is also responsible for an American chain of fruit drink beverage stores with an eponymous beverage consisting of what?",1.0,1.0,1.0,1.0,1.0
LFM2 700M,naive,q592,Red Mountain is a film that centers on an attempt by a group of what group of Civil War rangers?,1.0,1.0,1.0,0.5,0.6131471927654584
LFM2 700M,naive,q593,"In what year did the actor who starred in the TV Land original series ""The Soul Man"" host the Black Movie Awards?",0.0,0.0,0.0,0.0,0.0
LFM2 700M,naive,q594,"Which band has released the most studio albums, Blonde Redhead or Rob Zombie's band White Zombie?",1.0,1.0,1.0,1.0,1.0
LFM2 700M,naive,q595,What type of engine powered both the Saab 36 and the Avro Vulcan?,1.0,1.0,1.0,1.0,1.0
LFM2 700M,naive,q596,"Who was born first, Krzysztof Zanussi or Thom Andersen?",1.0,1.0,1.0,1.0,1.0
LFM2 700M,naive,q597,Where was the movement that August Brancart published literature from centerd?,1.0,1.0,1.0,1.0,1.0
LFM2 700M,naive,q598,Caste starred what English character actress who was nominated for an Academ Award for her performance in Room at the Top?,1.0,1.0,1.0,0.5,0.6131471927654584
LFM2 700M,naive,q599,What movie is the the Spinning turtle attraction in the worlds 21st largest theme park based off of?,1.0,1.0,1.0,0.5,0.6131471927654584
LFM2 700M,naive,q600,"When was the American actor, film director which  Dana Brunetti is the president of his company born",1.0,1.0,1.0,0.5,0.6131471927654584
LFM2 700M,advanced,q1,Were Scott Derrickson and Ed Wood of the same nationality?,1.0,1.0,1.0,1.0,0.9197207891481876
LFM2 700M,advanced,q2,What government position was held by the woman who portrayed Corliss Archer in the film Kiss and Tell?,1.0,1.0,1.0,0.5,0.6131471927654584
LFM2 700M,advanced,q3,"What science fantasy young adult series, told in first person, has a set of companion books narrating the stories of enslaved worlds and alien species?",0.3333333333333333,0.0,1.0,0.5,0.3065735963827292
LFM2 700M,advanced,q4,Are the Laleli Mosque and Esma Sultan Mansion located in the same neighborhood?,1.0,1.0,1.0,1.0,1.0
LFM2 700M,advanced,q5,"The director of the romantic comedy ""Big Stone Gap"" is based in what New York city?",1.0,1.0,1.0,0.5,0.6131471927654584
LFM2 700M,advanced,q6,2014 S/S is the debut album of a South Korean boy group that was formed by who?,1.0,1.0,1.0,1.0,1.0
LFM2 700M,advanced,q7,Who was known by his stage name Aladin and helped organizations improve their performance as a consultant?,1.0,1.0,1.0,0.5,0.6131471927654584
LFM2 700M,advanced,q8,The arena where the Lewiston Maineiacs played their home games can seat how many people?,1.0,1.0,1.0,0.5,0.6131471927654584
LFM2 700M,advanced,q9,"Who is older, Annie Morton or Terry Richardson?",1.0,1.0,1.0,1.0,1.0
LFM2 700M,advanced,q10,Are Local H and For Against both from the United States?,1.0,1.0,1.0,1.0,1.0
LFM2 700M,advanced,q11,"What is the name of the fight song of the university whose main campus is in Lawrence, Kansas and whose branch campuses are in the Kansas City metropolitan area?",1.0,1.0,1.0,1.0,1.0
LFM2 700M,advanced,q12,"What screenwriter with credits for ""Evolution"" co-wrote a film starring Nicolas Cage and Téa Leoni?",0.5,0.0,1.0,0.5,0.38685280723454163
LFM2 700M,advanced,q13,What year did Guns N Roses perform a promo for a movie starring Arnold Schwarzenegger as a former New York Police detective?,1.0,1.0,1.0,0.5,0.6131471927654584
LFM2 700M,advanced,q14,Are Random House Tower and 888 7th Avenue both used for real estate?,1.0,1.0,1.0,1.0,1.0
LFM2 700M,advanced,q15,The football manager who recruited David Beckham managed Manchester United during what timeframe?,0.5,0.0,1.0,1.0,0.6934264036172708
LFM2 700M,advanced,q16,Brown State Fishing Lake is in a country that has a population of how many inhabitants ?,1.0,1.0,1.0,0.5,0.6131471927654584
LFM2 700M,advanced,q17,The Vermont Catamounts men's soccer team currently competes in a conference that was formerly known as what from 1988 to 1996?,1.0,1.0,1.0,1.0,1.0
LFM2 700M,advanced,q18,Are Giuseppe Verdi and Ambroise Thomas both Opera composers ?,1.0,1.0,1.0,1.0,0.9197207891481876
LFM2 700M,advanced,q19,Roger O. Egeberg was Assistant Secretary for Health and Scientific Affairs during the administration of a president that served during what years?,1.0,1.0,1.0,0.5,0.6131471927654584
LFM2 700M,advanced,q20,"Which writer was from England, Henry Roth or Robert Erskine Childers?",1.0,1.0,1.0,1.0,1.0
LFM2 700M,advanced,q21,Which other Mexican Formula One race car driver has held the podium besides the Force India driver born in 1990?,1.0,1.0,1.0,0.5,0.6131471927654584
LFM2 700M,advanced,q22,This singer of A Rather Blustery Day also voiced what hedgehog?,1.0,1.0,1.0,1.0,1.0
LFM2 700M,advanced,q23,"Aside from the Apple Remote, what other device can control the program Apple Remote was originally designed to interact with?",1.0,1.0,1.0,0.5,0.6131471927654584
LFM2 700M,advanced,q24,"Which performance act has a higher instrument to person ratio, Badly Drawn Boy or Wolf Alice?",1.0,1.0,1.0,0.5,0.6131471927654584
LFM2 700M,advanced,q25,What was the father of Kasper Schmeichel voted to be by the IFFHS in 1992?,1.0,1.0,1.0,1.0,1.0
LFM2 700M,advanced,q26,Who was the writer of These Boots Are Made for Walkin' and who died in 2007?,1.0,1.0,1.0,0.5,0.6131471927654584
LFM2 700M,advanced,q27,"The 2011–12 VCU Rams men's basketball team, led by third year head coach Shaka Smart, represented Virginia Commonwealth University which was founded in what year?",1.0,1.0,1.0,1.0,0.9197207891481876
LFM2 700M,advanced,q28,"Are both Dictyosperma, and Huernia described as a genus?",1.0,1.0,1.0,1.0,1.0
LFM2 700M,advanced,q29,Kaiser Ventures corporation was founded by an American industrialist who became known as the father of modern American shipbuilding?,1.0,1.0,1.0,1.0,1.0
LFM2 700M,advanced,q30,"What is the name for the adventure in ""Tunnels and Trolls"", a game designed by Ken St. Andre?",0.5,0.0,1.0,0.5,0.38685280723454163
LFM2 700M,advanced,q31,"When was Poison's album ""Shut Up, Make Love"" released?",1.0,1.0,1.0,1.0,1.0
LFM2 700M,advanced,q32,"Hayden is a singer-songwriter from Canada, but where does Buck-Tick hail from?",1.0,1.0,1.0,1.0,1.0
LFM2 700M,advanced,q33,Which  French ace pilot and adventurer fly L'Oiseau Blanc,1.0,1.0,1.0,1.0,1.0
LFM2 700M,advanced,q34,Are Freakonomics and In the Realm of the Hackers both American documentaries?,1.0,1.0,1.0,0.5,0.6131471927654584
LFM2 700M,advanced,q35,"Which band, Letters to Cleo or Screaming Trees, had more members?",1.0,1.0,1.0,1.0,1.0
LFM2 700M,advanced,q36,Alexander Kerensky was defeated and destroyed by the Bolsheviks in the course of a civil war that ended when ?,0.5,0.0,1.0,0.5,0.38685280723454163
LFM2 700M,advanced,q37,Seven Brief Lessons on Physics was written by an Italian physicist that has worked in France since what year?,1.0,1.0,1.0,1.0,1.0
LFM2 700M,advanced,q38,"The Livesey Hal War Memorial commemorates the fallen of which war, that had over 60 million casualties?",1.0,1.0,1.0,1.0,1.0
LFM2 700M,advanced,q39,Are both Elko Regional Airport and Gerald R. Ford International Airport located in Michigan?,1.0,1.0,1.0,1.0,1.0
LFM2 700M,advanced,q40,Ralph Hefferline was a psychology professor at a university that is located in what city?,1.0,1.0,1.0,0.5,0.6131471927654584
LFM2 700M,advanced,q41,Which dog's ancestors include Gordon and Irish Setters: the Manchester Terrier or the Scotch Collie?,1.0,1.0,1.0,1.0,1.0
LFM2 700M,advanced,q42,Where is the company that Sachin Warrier worked for as a software engineer headquartered?,1.0,1.0,1.0,0.5,0.6131471927654584
LFM2 700M,advanced,q43,"A Japanese manga series based on a 16 year old high school student Ichitaka Seto, is written and illustrated by someone born in what year?",1.0,1.0,1.0,0.5,0.6131471927654584
LFM2 700M,advanced,q44,The battle in which Giuseppe Arimondi lost his life secured what for Ethiopia?,1.0,1.0,1.0,1.0,0.9197207891481876
LFM2 700M,advanced,q45,Alfred Balk served as the secretary of the Committee on the Employment of Minority Groups in the News Media under which United States Vice President?,1.0,1.0,1.0,0.5,0.6131471927654584
LFM2 700M,advanced,q46,"A medieval fortress in Dirleton, East Lothian, Scotland borders on the south side of what coastal area?",1.0,1.0,1.0,1.0,1.0
LFM2 700M,advanced,q47,Who is the writer of this song that was inspired by words on a tombstone and was the first track on the box set Back to Mono?,1.0,1.0,1.0,0.5,0.6131471927654584
LFM2 700M,advanced,q48,What type of forum did a former Soviet statesman initiate?,1.0,1.0,1.0,0.5,0.6131471927654584
LFM2 700M,advanced,q49,Are Ferocactus and Silene both types of plant?,1.0,1.0,1.0,1.0,1.0
LFM2 700M,advanced,q50,Which British first-generation jet-powered medium bomber was used in the South West Pacific theatre of World War II?,1.0,1.0,1.0,0.5,0.6131471927654584
LFM2 700M,advanced,q51,Which year and which conference was the 14th season for this conference as part of the NCAA Division that the Colorado Buffaloes played in with a record of 2-6 in conference play?,0.3333333333333333,0.0,1.0,0.5,0.3065735963827292
LFM2 700M,advanced,q52,In 1991 Euromarché was bought by a chain that operated how any hypermarkets at the end of 2016?,1.0,1.0,1.0,1.0,1.0
LFM2 700M,advanced,q53,What race track in the midwest hosts a 500 mile race eavery May?,0.5,0.0,1.0,0.5,0.38685280723454163
LFM2 700M,advanced,q54,"In what city did the ""Prince of tenors"" star in a film based on an opera by Giacomo Puccini?",0.0,0.0,0.0,0.0,0.0
LFM2 700M,advanced,q55,"Ellie Goulding worked with what other writers on her third studio album, Delirium?",1.0,1.0,1.0,1.0,0.9197207891481876
LFM2 700M,advanced,q56,Which Australian city founded in 1838 contains a boarding school opened by a Prime Minister of Australia and named after a school in London of the same name.,1.0,1.0,1.0,0.5,0.6131471927654584
LFM2 700M,advanced,q57,D1NZ is a series based on what oversteering technique?,1.0,1.0,1.0,0.5,0.6131471927654584
LFM2 700M,advanced,q58,who is younger Keith Bostic or Jerry Glanville ?,1.0,1.0,1.0,1.0,1.0
LFM2 700M,advanced,q59,"According to the 2001 census, what was the population of the city in which Kirton End is located?",0.3333333333333333,0.0,1.0,0.5,0.3065735963827292
LFM2 700M,advanced,q60,Are both Cypress and Ajuga genera?,1.0,1.0,1.0,1.0,1.0
LFM2 700M,advanced,q61,What distinction is held by the former NBA player who was a member of the Charlotte Hornets during their 1992-93 season and was head coach for the WNBA team Charlotte Sting?,1.0,1.0,1.0,1.0,1.0
LFM2 700M,advanced,q62,What is the name of the executive producer of the film that has a score composed by Jerry Goldsmith?,0.5,0.0,1.0,0.5,0.38685280723454163
LFM2 700M,advanced,q63,"Who was born earlier, Emma Bull or Virginia Woolf?",1.0,1.0,1.0,1.0,1.0
LFM2 700M,advanced,q64,What was the Roud Folk Song Index of the nursery rhyme inspiring What Are Little Girls Made Of?,0.5,0.0,1.0,0.5,0.38685280723454163
LFM2 700M,advanced,q65,Scott Parkin has been a vocal critic of Exxonmobil and another corporation that has operations in how many countries ?,1.0,1.0,1.0,0.5,0.6131471927654584
LFM2 700M,advanced,q66,What WB supernatrual drama series was Jawbreaker star Rose Mcgowan best known for being in?,1.0,1.0,1.0,1.0,1.0
LFM2 700M,advanced,q67,Vince Phillips held a junior welterweight title by an organization recognized by what larger Hall of Fame?,1.0,1.0,1.0,0.5,0.6131471927654584
LFM2 700M,advanced,q68,"What is the name of the singer who's song was released as the lead single from the album ""Confessions"", and that had popular song stuck behind for eight consecutive weeks?",1.0,1.0,1.0,0.5,0.6131471927654584
LFM2 700M,advanced,q69,who is the younger brother of The episode guest stars of The Hard Easy,1.0,1.0,1.0,0.5,0.6131471927654584
LFM2 700M,advanced,q70,The 2017–18 Wigan Athletic F.C. season will be a year in which the team competes in the league cup known as what for sponsorship reasons?,1.0,1.0,1.0,0.5,0.6131471927654584
LFM2 700M,advanced,q71,"Which of Tara Strong major voice role in animated series is an American animated television series based on the DC Comics fictional superhero team, the ""Teen Titans""?",1.0,1.0,1.0,0.5,0.6131471927654584
LFM2 700M,advanced,q72,What is the inhabitant of the city where  122nd SS-Standarte was formed in2014,1.0,1.0,1.0,1.0,1.0
LFM2 700M,advanced,q73,What color clothing do people of the Netherlands wear during Oranjegekte or to celebrate the national holiday Koningsdag?,1.0,1.0,1.0,1.0,1.0
LFM2 700M,advanced,q74,"What was the name of the 1996 loose adaptation of William Shakespeare's ""Romeo & Juliet"" written by James Gunn?",0.3333333333333333,0.0,1.0,0.5,0.3065735963827292
LFM2 700M,advanced,q75,Robert Suettinger was the national intelligence officer under which former Governor of Arkansas?,1.0,1.0,1.0,1.0,0.9197207891481876
LFM2 700M,advanced,q76,What American professional Hawaiian surfer born 18 October 1992 won the Rip Curl Pro Portugal?,1.0,1.0,1.0,1.0,1.0
LFM2 700M,advanced,q77,What is the middle name of the actress who plays Bobbi Bacha in Suburban Madness?,0.5,0.0,1.0,0.5,0.38685280723454163
LFM2 700M,advanced,q78,Alvaro Mexia had a diplomatic mission with which tribe of indigenous people?,1.0,1.0,1.0,1.0,1.0
LFM2 700M,advanced,q79,What nationality were social anthropologists Alfred Gell and Edmund Leach?,1.0,1.0,1.0,1.0,1.0
LFM2 700M,advanced,q80,In which year was the King who made the 1925 Birthday Honours born?,1.0,1.0,1.0,0.5,0.6131471927654584
LFM2 700M,advanced,q81,"What is the county seat of the county where East Lempster, New Hampshire is located?",1.0,1.0,1.0,0.5,0.6131471927654584
LFM2 700M,advanced,q82,The Album Against the Wind was the 11th Album of a Rock singer Robert C Seger born may 6 1945. What was the Rock singers stage name ?,1.0,1.0,1.0,1.0,1.0
LFM2 700M,advanced,q83,Rostker v. Goldberg held that the practice of what way of filling armed forces vacancies was consitutional?,1.0,1.0,1.0,1.0,1.0
LFM2 700M,advanced,q84,"Handi-Snacks are a snack food product line sold by what American multinational confectionery, food, and beverage company that is based in Illinois?",1.0,1.0,1.0,1.0,1.0
LFM2 700M,advanced,q85,"What was the name of a woman from the book titled ""Their Lives: The Women Targeted by the Clinton Machine "" and was also a former white house intern?",1.0,1.0,1.0,1.0,1.0
LFM2 700M,advanced,q86,"When was the American lawyer, lobbyist and political consultant who was a senior member of the presidential campaign of Donald Trump born?",0.0,0.0,0.0,0.0,0.0
LFM2 700M,advanced,q87,"In what year was the novel that Lourenço Mutarelli based ""Nina"" on based first published?",1.0,1.0,1.0,0.5,0.6131471927654584
LFM2 700M,advanced,q88,Where are Teide National Park and Garajonay National Park located?,1.0,1.0,1.0,1.0,1.0
LFM2 700M,advanced,q89,How many copies of Roald Dahl's variation on a popular anecdote sold?,1.0,1.0,1.0,1.0,1.0
LFM2 700M,advanced,q90,What occupation do Chris Menges and Aram Avakian share?,1.0,1.0,1.0,1.0,1.0
LFM2 700M,advanced,q91,Andrew Jaspan was the co-founder of what not-for-profit media outlet?,1.0,1.0,1.0,0.5,0.6131471927654584
LFM2 700M,advanced,q92,Which American film director hosted the 18th Independent Spirit Awards in 2002?,1.0,1.0,1.0,0.5,0.6131471927654584
LFM2 700M,advanced,q93,Where does the hotel and casino located in which Bill Cosby's third album was recorded?,1.0,1.0,1.0,0.5,0.6131471927654584
LFM2 700M,advanced,q94,Do the drinks Gibson and Zurracapote both contain gin?,1.0,1.0,1.0,1.0,1.0
LFM2 700M,advanced,q95,"In what month is the annual documentary film festival, that is presented by the fortnightly published British journal of literary essays, held?",1.0,1.0,1.0,1.0,0.9197207891481876
LFM2 700M,advanced,q96,Tysons Galleria is located in what county?,1.0,1.0,1.0,0.5,0.6131471927654584
LFM2 700M,advanced,q97,Bordan Tkachuk was the CEO of a company that provides what sort of products?,0.0,0.0,0.0,0.0,0.0
LFM2 700M,advanced,q98,"Which filmmaker was known for animation, Lev Yilmaz or Pamela B. Green?",1.0,1.0,1.0,1.0,1.0
LFM2 700M,advanced,q99,In which city is the ambassador of the Rabat-Salé-Kénitra administrative region to China based?,1.0,1.0,1.0,1.0,0.9197207891481876
LFM2 700M,advanced,q100,Are Yingkou and Fuding the same level of city?,1.0,1.0,1.0,1.0,1.0
LFM2 700M,advanced,q101,Where did the descendants of the group of black Indians associated with the Seminole people settle?,1.0,1.0,1.0,0.5,0.6131471927654584
LFM2 700M,advanced,q102,David Huntsinger has worked with this gospel singer born in the month of July?,1.0,1.0,1.0,1.0,1.0
LFM2 700M,advanced,q103,What year was the brother of this first round draft pick by the Washington Redskins drafted?,1.0,1.0,1.0,0.5,0.6131471927654584
LFM2 700M,advanced,q104,Where is the stadium at which 1964 Georgia Tech Yellow Jackets football team played their home game located?,1.0,1.0,1.0,1.0,0.9197207891481876
LFM2 700M,advanced,q105,"Since 2 June 2017, The Leader of Fine Gael had been held by which Irish Fine Gael politician who has served as Taoiseach and Minister for Defence?",1.0,1.0,1.0,1.0,0.9197207891481876
LFM2 700M,advanced,q106,Which American film actor and dancer starred in the 1945 film Johnny Angel?,1.0,1.0,1.0,0.5,0.6131471927654584
LFM2 700M,advanced,q107,hree Men on a Horse is a play by a playwright born in which year ?,1.0,1.0,1.0,0.5,0.6131471927654584
LFM2 700M,advanced,q108,What type of activity does Owner earnings and Warren Buffett have in common?,1.0,1.0,1.0,1.0,1.0
LFM2 700M,advanced,q109,When was the  former Indian cricketer who made his ODI debuts during the 2000 ICC KnockOut Trophy born?,1.0,1.0,1.0,0.5,0.6131471927654584
LFM2 700M,advanced,q110,"Which airplane was this Major test-flying after whom the base, that 514th Flight Test Squadron is stated at, is named?",1.0,1.0,1.0,0.5,0.6131471927654584
LFM2 700M,advanced,q111,"Based on a True Story... is an album by which country music star, with the single My Eyes?",1.0,1.0,1.0,1.0,1.0
LFM2 700M,advanced,q112,"Over how many centuries were the ""dwelling place of the dead"" built?",0.0,0.0,0.0,0.0,0.0
LFM2 700M,advanced,q113,"When was the British author who wrote the novel on which ""Here We Go Round the Mulberry Bush"" was based born?",1.0,1.0,1.0,0.5,0.6131471927654584
LFM2 700M,advanced,q114,"Who died first, George Archainbaud or Ralph Murphy?",1.0,1.0,1.0,1.0,1.0
LFM2 700M,advanced,q115,Which component of shellite has the formula (ON)CHOH?,0.5,0.0,1.0,0.5,0.38685280723454163
LFM2 700M,advanced,q116,The Argentine PGA Championship record holder has won how many tournaments worldwide?,1.0,1.0,1.0,1.0,1.0
LFM2 700M,advanced,q117,Suicide's 1977 released album features a song based on what brand's comic character?,0.5,0.0,1.0,0.5,0.38685280723454163
LFM2 700M,advanced,q118,What other political position did the person who introduced the DISCLOSE Act hold?,1.0,1.0,1.0,0.5,0.6131471927654584
LFM2 700M,advanced,q119,Were the bands Skin Yard and Ostava from the U.S.?,1.0,1.0,1.0,1.0,1.0
LFM2 700M,advanced,q120,Are Daryl Hall and Gerry Marsden both musicians?,1.0,1.0,1.0,1.0,1.0
LFM2 700M,advanced,q121,What major truck road is located in Backford Cross?,0.5,0.0,1.0,0.5,0.38685280723454163
LFM2 700M,advanced,q122,In which role did Caroline Carver played in a 1999 Hallmark Entertainment made-for-TV fantasy movie?,1.0,1.0,1.0,1.0,1.0
LFM2 700M,advanced,q123,"What's the name of the fantasy film starring Sarah Bolger, featuring a New England family who discover magical creatures around their estate?",1.0,1.0,1.0,1.0,1.0
LFM2 700M,advanced,q124,Maxeda has been owned since 2004 by which American multinational equity firm?,1.0,1.0,1.0,1.0,0.9197207891481876
LFM2 700M,advanced,q125,The youngest daughter of Lady Mary-Gaye Curzon stars with Douglas Smith and Lucien Laviscount  in what 2017 film?,1.0,1.0,1.0,0.5,0.6131471927654584
LFM2 700M,advanced,q126,Mummulgum is a stop on the Bruxner Highway before reaching the town on the banks of which river?,1.0,1.0,1.0,0.5,0.6131471927654584
LFM2 700M,advanced,q127,"Which American audio engineer and clandestine chemist, who was a key figure in the San Francisco Bay Area hippie movement during the 1960s recorded the album ""Old and in the Way?""",1.0,1.0,1.0,1.0,1.0
LFM2 700M,advanced,q128,When was the palace founded at which Columba de Dunbar died in 1435?,1.0,1.0,1.0,0.5,0.6131471927654584
LFM2 700M,advanced,q129,"Where is the Bubblegum Alley, that is similar to Gum Wall, located in California?",0.5,0.0,1.0,0.5,0.38685280723454163
LFM2 700M,advanced,q130,"At what venue was the January 2, 2012 game featured the University of Louisville team?",1.0,1.0,1.0,1.0,0.9197207891481876
LFM2 700M,advanced,q131,"Which film was Oscar nominated, LaLee's Kin: The Legacy of Cotton or Gimme Shelter, the 1970 Rolling Stones documentary?",0.5,0.0,1.0,0.5,0.38685280723454163
LFM2 700M,advanced,q132,"Which board game was published most recently, Pirate's Cove or Catan?",1.0,1.0,1.0,1.0,1.3065735963827294
LFM2 700M,advanced,q133,Alice David is the voice of Lara Croft in a video game developed by which company ?,1.0,1.0,1.0,0.5,0.6131471927654584
LFM2 700M,advanced,q134,"Which Eminem album included vocals from a singer who had an album titled ""Unapologetic""?",1.0,1.0,1.0,1.0,1.0
LFM2 700M,advanced,q135,"This American crime film set in South Los Angeles was written and directed by the same director and writer of screenwriter of ""Street Kings"", ""End of Watch"", ""Sabotage"", ""Fury"" and what other film?",1.0,1.0,1.0,0.5,0.6131471927654584
LFM2 700M,advanced,q136,SuperMansion starred the actress who had a recurring role as whom on Workaholics?,1.0,1.0,1.0,0.5,0.6131471927654584
LFM2 700M,advanced,q137,"The 1974 Texas Tech Raiders football team represented what public research university in Lubbock, Texas?",1.0,1.0,1.0,0.5,0.6131471927654584
LFM2 700M,advanced,q138,"During Siege of Bharatpur, which Commander-in-Chief of Ireland and Commander-in-Chief of India contributed to the storming of the castle?",0.5,0.0,1.0,0.5,0.38685280723454163
LFM2 700M,advanced,q139,For what type of work is the production company for The Year Without a Santa Claus best known?,1.0,1.0,1.0,0.5,0.6131471927654584
LFM2 700M,advanced,q140,"What year was the film that starred the composer for ""The Naked Brothers Band""?",0.0,0.0,0.0,0.0,0.0
LFM2 700M,advanced,q141,The author of Sexual Politics attended which British University?,1.0,1.0,1.0,1.0,1.0
LFM2 700M,advanced,q142,"Who had the best singles ranking, Roberta Vinci or Jorge Lozano?",1.0,1.0,1.0,1.0,1.0
LFM2 700M,advanced,q143,Both Truth in Science and Discovery embrace what campaign?,1.0,1.0,1.0,0.5,0.6131471927654584
LFM2 700M,advanced,q144,"Josey Scott and Ian Watkins were both promising musicians. Which of these talented men was incarcerated, impacting his career with a rock band?",1.0,1.0,1.0,1.0,1.0
LFM2 700M,advanced,q145,The movies Queen of Blood and Battle Beyond the Sun both contained scenes from what 1959 Soviet feature?,1.0,1.0,1.0,1.0,1.0
LFM2 700M,advanced,q146,"Who was born first, Erika Jayne or Marco Da Silva",1.0,1.0,1.0,1.0,0.9197207891481876
LFM2 700M,advanced,q147,"When did the English local newspaper, featuring the sculpture and war memorial in the Forbury gardens, change names?",1.0,1.0,1.0,1.0,0.9197207891481876
LFM2 700M,advanced,q148,What is the name of the Isles who were led by Aonghus Mór and covered a total land area of over 8300 km2?,1.0,1.0,1.0,1.0,1.0
LFM2 700M,advanced,q149,"Who is Bruce Spizer an expert on, known as the most influential act of the rock era?",1.0,1.0,1.0,0.5,0.6131471927654584
LFM2 700M,advanced,q150,"Which song was behind the third single on the album  ""A Lot About Livin' (And a Little 'bout Love)"" for two weeks on the country charts?",0.5,0.0,1.0,0.5,0.38685280723454163
LFM2 700M,advanced,q151,What occupation was shared by David Yates and Pietro Germi?,1.0,1.0,1.0,1.0,1.0
LFM2 700M,advanced,q152,"Marcus Wayne Garland spent nine seasons with an American professional baseball team that is based in Baltimore, Maryland, and was one of the AMerican League's original eight charter franchises when the league was established in what year?",1.0,1.0,1.0,1.0,1.0
LFM2 700M,advanced,q153,The lamp used in many lighthouses is similiar to this type of lamp patented in 1780 by Aimé Argand?,1.0,1.0,1.0,1.0,1.0
LFM2 700M,advanced,q154,"The songs from the sountrack to ""When Harry Met Sally"" are performed by a singer that has had how many top 20 US albums?",0.0,0.0,0.0,0.0,0.0
LFM2 700M,advanced,q155,Are Broughtonia and Laeliocattleya both orchids?,1.0,1.0,1.0,1.0,1.0
LFM2 700M,advanced,q156,Where was the world cup hosted that Algeria qualified for the first time into the round of 16?,1.0,1.0,1.0,1.0,1.0
LFM2 700M,advanced,q157,"Which was fought earlier in our nation's history, the Seven Days Battles or the Battle of Manila?",1.0,1.0,1.0,1.0,1.0
LFM2 700M,advanced,q158,"What retailer in ABQ Uptown is headquarted in Poole, Dorset, United Kingdom?",0.5,0.0,1.0,0.5,0.38685280723454163
LFM2 700M,advanced,q159,What football club plays in the area between the old tool gates: Brook Bar and Trafford bar?,1.0,1.0,1.0,0.5,0.6131471927654584
LFM2 700M,advanced,q160,"The song ""Chim Chim Cher-ee"" can be heard  in the ""Mary Poppins"" scene of a Disney ride that debuted in what year?",1.0,1.0,1.0,0.5,0.6131471927654584
LFM2 700M,advanced,q161,"Who held the record for the longest service in the Australian Parliament for a woman, and was surpassed by  a former Australian politician who was the 29th Speaker of the House of Representatives?",1.0,1.0,1.0,1.0,1.0
LFM2 700M,advanced,q162,"Which man who presented the Australia 2022 FIFA World Cup bid was born on October 22, 1930?",1.0,1.0,1.0,0.5,0.6131471927654584
LFM2 700M,advanced,q163,What major city is the Faith Lutheran Middle School and High School located by?,1.0,1.0,1.0,0.5,0.6131471927654584
LFM2 700M,advanced,q164,What British singer-songwriter hosted the 16th Annual Young Hollywood Awards?,1.0,1.0,1.0,0.5,0.6131471927654584
LFM2 700M,advanced,q165,Who did the Star and Dagger bass player marry?,1.0,1.0,1.0,0.5,0.6131471927654584
LFM2 700M,advanced,q166,"In 2017, what was 3/4th of the organization that also has a Center for Veterinary Medicine as well as part of the U.S. Department of Health and Human Services, spent on?",1.0,1.0,1.0,0.5,0.6131471927654584
LFM2 700M,advanced,q167,"Which came out first, Dinosaur or McFarland, USA",1.0,1.0,1.0,1.0,1.0
LFM2 700M,advanced,q168,Both Bishop Carroll Catholic High School and Kapaun Mt. Carmel Catholic High School are located in which city in Kansas?,1.0,1.0,1.0,1.0,1.0
LFM2 700M,advanced,q169,What was the 58th quadrennial American presidential election held after the 2016 Michigan Democratic primary?,1.0,1.0,1.0,1.0,1.0
LFM2 700M,advanced,q170,This Celtic ruler who was born in AD 43 ruled southeastern Britain prior to conquest by which empire?,0.0,0.0,0.0,0.0,0.0
LFM2 700M,advanced,q171,"What is the name of the detective novelist parent of the author of '""Q"" Is for Quarry'?",1.0,1.0,1.0,0.5,0.6131471927654584
LFM2 700M,advanced,q172,What is the birthplace of the Senator who represents the first of 62 districts in the State Senate?,1.0,1.0,1.0,0.5,0.6131471927654584
LFM2 700M,advanced,q173,The Memphis Hustle are based in a suburb of a city with a population of what in 2010?,1.0,1.0,1.0,0.5,0.6131471927654584
LFM2 700M,advanced,q174,"Which songwriting duo composed music for ""La La Land"", and created lyrics for ""A Christmas Story: The Musical""?",0.0,0.0,0.0,0.0,0.0
LFM2 700M,advanced,q175,"Which of the city at the south of Shelly Beach, New South Wales is a local government area in the Hunter region of New South Wales, Australia?",1.0,1.0,1.0,1.0,0.9197207891481876
LFM2 700M,advanced,q176,Are Bamboo Mañalac and Danny Jones both musicians?,1.0,1.0,1.0,1.0,1.0
LFM2 700M,advanced,q177,"Works by Hanna Leena Kristiina Varis are part of a collection in a museum that houses approximately 65,000 what?",1.0,1.0,1.0,1.0,1.0
LFM2 700M,advanced,q178,When was the Western Germanic language spoken from which the small settlement situated on the river Leda opposite Leer derives its name?,1.0,1.0,1.0,0.5,0.6131471927654584
LFM2 700M,advanced,q179,"Born on 6 March 1937, this man was also a citizen of the United Kingdom.",0.5,0.0,1.0,0.5,0.38685280723454163
LFM2 700M,advanced,q180,"What country does Hatton Hill and Hatton Castle, Angus have in common?",1.0,1.0,1.0,1.0,1.0
LFM2 700M,advanced,q181,What podcast was the cheif executive officer of Nerdist Industries a guest on?,0.0,0.0,0.0,0.0,0.0
LFM2 700M,advanced,q182,Randall Cunningham II was a multi-sport athlete at the high school located in what Nevada city?,1.0,1.0,1.0,0.5,0.6131471927654584
LFM2 700M,advanced,q183,"Which English musician is known for both the songs ""See Yourself"" and ""Withing You Without You""?",1.0,1.0,1.0,1.0,1.0
LFM2 700M,advanced,q184,"Which professional ice hockey position does the Captain of the National Hockey League All-Star Game ""Away Team"" play?",1.0,1.0,1.0,1.0,1.0
LFM2 700M,advanced,q185,"What year did the series on CBS, starring the actor who known for his role in ""Rebel Without a Cause,"" air?",0.0,0.0,0.0,0.0,0.0
LFM2 700M,advanced,q186,"What season was the character introduced that becomes the main antagonist in the  following season, from the animated television series created by Bryan Konietzko and Michael Dante DiMartino as a sequel to """", which aired from 2005 to 2008?",1.0,1.0,1.0,0.5,0.6131471927654584
LFM2 700M,advanced,q187,"Who were the directors of the 2009 American science fiction film starring the actor who played Dexter Morgan in the Showtime TV Network series ""Dexter""?",1.0,1.0,1.0,0.5,0.6131471927654584
LFM2 700M,advanced,q188,"Which travel parody series featured American actor, comedian, and radio host best known as the host of ""The Joe Schmo Show""?",1.0,1.0,1.0,0.5,0.6131471927654584
LFM2 700M,advanced,q189,Do The Importance of Being Icelandic and The Five Obstructions belong to different film genres ?,1.0,1.0,1.0,1.0,1.0
LFM2 700M,advanced,q190,Tefik Selim Mborja was a part of a party that held power in Albania until what year?,1.0,1.0,1.0,1.0,0.9197207891481876
LFM2 700M,advanced,q191,Joe Walker played for which team that ends their regular season with the Civil War rivalry game?,1.0,1.0,1.0,0.5,0.6131471927654584
LFM2 700M,advanced,q192,"What station broadcast the episode ""Marry Me a Little, Marry Me a Little More"" , of the series created by Max Mutchnick and David Kohan?",1.0,1.0,1.0,0.5,0.6131471927654584
LFM2 700M,advanced,q193,Georges-Henri Bousquet translated the work of a historian who is of what heritage?,1.0,1.0,1.0,0.5,0.6131471927654584
LFM2 700M,advanced,q194,In which city are the headquarters of the American research and scientific development company where Ravi Sethi worked as computer scientist located?,1.0,1.0,1.0,1.0,1.0
LFM2 700M,advanced,q195,What is the full name of the viral respiratory disease in which Yi Guan's research helped to prevent the outbreak of?,1.0,1.0,1.0,0.5,0.6131471927654584
LFM2 700M,advanced,q196,Which Kentucky Writers Hall of Fame author has had works published by Dim Gray Bar Press?,1.0,1.0,1.0,1.0,1.0
LFM2 700M,advanced,q197,What director worked with Vikram Bhatt on a film starring actors Rajneesh Duggal and Adah Sharma?,1.0,1.0,1.0,0.5,0.6131471927654584
LFM2 700M,advanced,q198,Robert Smith founded the multinational company headquartered in what city?,1.0,1.0,1.0,0.5,0.6131471927654584
LFM2 700M,advanced,q199,What amount was the settlement that the character from the Son of al Quada got in 2017?,0.0,0.0,0.0,0.0,0.0
LFM2 700M,advanced,q200,"Considered the strongest recorded tropical cyclone, which cyclone had a film made about it in 2007?",0.0,0.0,0.0,0.0,0.0
LFM2 700M,advanced,q201,The 2000 British film Snatch was later adapted into a television series for what streaming service?,1.0,1.0,1.0,1.0,1.0
LFM2 700M,advanced,q202,Chris Williams last played for which football club from the National League North?,1.0,1.0,1.0,0.5,0.6131471927654584
LFM2 700M,advanced,q203,Who designed the hotel that held the IFBB professional bodybuilding competition in September 1991?,1.0,1.0,1.0,0.5,0.6131471927654584
LFM2 700M,advanced,q204,"At the 71st Golden Globe Awards for television in 2013, what achievement did Breaking Bad, police sitcom Brooklyn Nine-Nine and American Hustle attain?",1.0,1.0,1.0,0.5,0.6131471927654584
LFM2 700M,advanced,q205,Which actor does American Beauty and American Beauty have in common?,1.0,1.0,1.0,0.5,0.6131471927654584
LFM2 700M,advanced,q206,Onika Tanya Maraj is a judge on a television show hosted by whom?,1.0,1.0,1.0,0.5,0.6131471927654584
LFM2 700M,advanced,q207,Are Hot Rod and The Memory of Our People both magazines?,0.0,0.0,0.0,0.0,0.0
LFM2 700M,advanced,q208,Who was Chamberlain and Colonel of the military staff of The Merrie Monarch?,0.0,0.0,0.0,0.0,0.0
LFM2 700M,advanced,q209,"Who has written more than 300 papers, Semyon Aranovich Gershgorin or Pavel Alexandrov?",1.0,1.0,1.0,1.0,1.0
LFM2 700M,advanced,q210,Which post DC Extended Universe actress will also play a role in what is intended to be the fifth installment of the DC Extended Universe?,1.0,1.0,1.0,1.0,1.0
LFM2 700M,advanced,q211,Who was the captain of the only battleship to provide gunfire support during the Vietnam War?,1.0,1.0,1.0,0.5,0.6131471927654584
LFM2 700M,advanced,q212,"The Polar Bears featuring the voice of Armie Hammer, is also the same voice actor for which character in Cars 3?",0.5,0.0,1.0,1.0,0.6934264036172708
LFM2 700M,advanced,q213,"Which tower is taller, 712 Fifth Avenue or Manhattan Life Insurance Building?",1.0,1.0,1.0,1.0,1.0
LFM2 700M,advanced,q214,"Is the Pakistan fast bowler who joined the Kent County Cricket Club in June, 2011 a left-hand or right-hand batsmans?",1.0,1.0,1.0,1.0,1.0
LFM2 700M,advanced,q215,"Who was born first, Arthur Conan Doyle or Penelope Lively?",1.0,1.0,1.0,1.0,1.0
LFM2 700M,advanced,q216,The Tennessee Volunteers football team plays as a member for a conference in what city?,0.3333333333333333,0.0,1.0,0.5,0.3065735963827292
LFM2 700M,advanced,q217,Ernest Foot was the best friend of the fighter pilot who had how many victories?,1.0,1.0,1.0,1.0,1.0
LFM2 700M,advanced,q218,"From March 631 to April 631, Farrukhzad Khosrau V was the king of an empire that succeeded which empire?",1.0,1.0,1.0,1.0,0.9197207891481876
LFM2 700M,advanced,q219,Which suburb is a soap opera featuring a character named Beverly Marshall set in?,1.0,1.0,1.0,0.5,0.6131471927654584
LFM2 700M,advanced,q220,Which country did the Falkland Islands beat in the 2010 Commonwealth games that has eleven administrative divisions?,0.3333333333333333,0.0,1.0,0.5,0.3065735963827292
LFM2 700M,advanced,q221,"Which Netflix series ""Unbreakable"" character is Elizabeth Claire Kemper known for playing?",1.0,1.0,1.0,1.0,1.0
LFM2 700M,advanced,q222,"Which television series featured an actor who also performed in ""The Young Ones""?",1.0,1.0,1.0,0.5,0.6131471927654584
LFM2 700M,advanced,q223,Are both Dafeng District and Dazhou located in the same province?,1.0,1.0,1.0,1.0,1.0
LFM2 700M,advanced,q224,"In what century did this Native warrior and chief, whose brother Tenskwatawa led the Tippecanoe order of battle, become the primary leader of a large, multi tribal confederacy?",0.5,0.0,1.0,0.5,0.38685280723454163
LFM2 700M,advanced,q225,What film was written and directed by Joby Harold with music written by Samuel Sim?,1.0,1.0,1.0,1.0,0.9197207891481876
LFM2 700M,advanced,q226,What is the name of the ethnic group who settled in Canada in the 17th century that participated in a conflict with Irish Catholic immigrants in the Shiners' War?,1.0,1.0,1.0,1.0,1.0
LFM2 700M,advanced,q227,The author of The Thing of It Is... is what Nationality?,1.0,1.0,1.0,0.5,0.6131471927654584
LFM2 700M,advanced,q228,"How long is the bridge in the Öresund Region that connect Copenhagen, Denmark and Malmo, Sweden?",0.5,0.0,1.0,1.0,0.6934264036172708
LFM2 700M,advanced,q229,"Martin Patterson ""Pat"" Hingle was a close friend of an actor who achieved success in what Western TV series?",1.0,1.0,1.0,0.5,0.6131471927654584
LFM2 700M,advanced,q230,Is the Marsilea or the Brabejum the genus of more individual species of plants?,1.0,1.0,1.0,0.5,0.6131471927654584
LFM2 700M,advanced,q231,What building is opposite the ceremonial meeting place of the Accession Council in the United Kingdom?,1.0,1.0,1.0,0.5,0.6131471927654584
LFM2 700M,advanced,q232,"What material did a hairdresser from Yorkshire, England invent that was named by his granddaughter?",0.0,0.0,0.0,0.0,0.0
LFM2 700M,advanced,q233,One Raffles Place is one of the tallest skyscrapers in the city of Singapore and tallest in the wolrd outside North America until it was succeeded by a Building in city?,1.0,1.0,1.0,0.5,0.6131471927654584
LFM2 700M,advanced,q234,"Which case came first, Craig v. Boren or United States v. Paramount Pictures, Inc.?",1.0,1.0,1.0,1.0,1.0
LFM2 700M,advanced,q235,What is the nickname of the city where Darling's Waterfront Pavilion is located?,1.0,1.0,1.0,0.5,0.6131471927654584
LFM2 700M,advanced,q236,The Kansas City Wizards have had three home venues in Kansas City in their time.  Which was their first?,0.3333333333333333,0.0,1.0,0.5,0.3065735963827292
LFM2 700M,advanced,q237,"Henry Hall is known for fighting in the Revolutionary War, and for being the first to successfully cultivate this food found in what type of bogs?",0.5,0.0,1.0,0.5,0.38685280723454163
LFM2 700M,advanced,q238,A scam involving a male calling small town fast-food restaurants and pretending to be a police officer to have them strip search employees was turned into a movie of what name?,1.0,1.0,1.0,1.0,0.9197207891481876
LFM2 700M,advanced,q239,"What airport serviced by American Airlines Shuttle, is also the largest airport in the New England region and 17th busiest in the U.S?",1.0,1.0,1.0,1.0,1.0
LFM2 700M,advanced,q240,"Which genus has more species, Xanthoceras or Ehretia?",1.0,1.0,1.0,1.0,1.0
LFM2 700M,advanced,q241,What arcade game is named after the only player in major league history to have a 0.300 batting average for 7 consecutive seasons?,0.0,0.0,0.0,0.0,0.0
LFM2 700M,advanced,q242,What american actress/singer born in 1956 recorded the song Something there for beauty and the beast?,1.0,1.0,1.0,1.0,1.0
LFM2 700M,advanced,q243,Which professional baseball player and National 1993 Baseball Hall of Fame inductee is featured in the Greatest Sports Legends anthology?,1.0,1.0,1.0,0.5,0.6131471927654584
LFM2 700M,advanced,q244,Salisbury Woodland Gardens links a zoo with a park designed and built under the watchful eye of who?,1.0,1.0,1.0,0.5,0.6131471927654584
LFM2 700M,advanced,q245,What class of instrument does Apatim Majumdar play?,1.0,1.0,1.0,0.5,0.6131471927654584
LFM2 700M,advanced,q246,Jamie Harris is best known for his role as The Hook-Handed Man in a movie directed by who ?,1.0,1.0,1.0,0.5,0.6131471927654584
LFM2 700M,advanced,q247,"How many laps did Harry Prowell run during the 10,000 metres race at the 1967 Pan American Games?",1.0,1.0,1.0,1.0,1.0
LFM2 700M,advanced,q248,Are  Chrysalis and Look both women's magazines?,1.0,1.0,1.0,1.0,1.0
LFM2 700M,advanced,q249,"Which author has won more Pulitzer Prizes, Thomas Friedman or Henri Bergson?",1.0,1.0,1.0,1.0,1.0
LFM2 700M,advanced,q250,"Yoann Lemoine, a French video director, has created music videos for Lana Del Rey, Katy Perry, and an orchestral country pop ballad by which top pop artist?",1.0,1.0,1.0,0.5,0.6131471927654584
LFM2 700M,advanced,q251,In what city can a person find both the Nusretiye Clock Tower and the Eski Imaret Mosque be found?,1.0,1.0,1.0,1.0,1.0
LFM2 700M,advanced,q252,"What is Opry Mills in Nashville, Tennessee?",1.0,1.0,1.0,1.0,0.9197207891481876
LFM2 700M,advanced,q253,"Spaceware Sky Division II is manufactured by this subsidiary, which is one of twelve subdivisions of Inner Mongolia, China?",1.0,1.0,1.0,0.5,0.6131471927654584
LFM2 700M,advanced,q254,"Which director had the longest career, Alain Resnais or Scott Sidney?",1.0,1.0,1.0,1.0,1.0
LFM2 700M,advanced,q255,"in 1999, Spirit Halloween LLC was purchased by a mall retailer that has how many stores in the United States and Canada ?",1.0,1.0,1.0,1.0,1.0
LFM2 700M,advanced,q256,James Fieser received his B.A. from what liberal arts work college that was founded in 1855?,1.0,1.0,1.0,1.0,1.0
LFM2 700M,advanced,q257,What year did Roy Rogers and his third wife star in a film directed by Frank McDonald?,0.0,0.0,0.0,0.0,0.0
LFM2 700M,advanced,q258,"The name ""Mountbatten-Windsor"" applies to male-line descendants of the Queen without royal styles and titles which is a Eurpean dynasty resulting in what family?",1.0,1.0,1.0,1.0,1.0
LFM2 700M,advanced,q259,Who is known for producing the documentary television series based on the book by science historian James Burke?,1.0,1.0,1.0,1.0,1.0
LFM2 700M,advanced,q260,which is larger Asante Traditional Buildings or Gulangyu?,1.0,1.0,1.0,1.0,1.0
LFM2 700M,advanced,q261,Armageddon in Retrospect was written by the author who was best known for what 1969 satire novel?,1.0,1.0,1.0,0.5,0.6131471927654584
LFM2 700M,advanced,q262,Patrick Kennedy is known for his collections of Irish  folktales from a province situated in which part of Ireland ?,1.0,1.0,1.0,0.5,0.6131471927654584
LFM2 700M,advanced,q263,What NIFL Premier Intermediate League team did Sean Connor play for?,1.0,1.0,1.0,0.5,0.6131471927654584
LFM2 700M,advanced,q264,"Which character does this protagonist, who secretly loves and marries a member of the rival house, of William Shakespeare's tragedy that has a fictional character Benvolio slay?",1.0,1.0,1.0,1.0,1.0
LFM2 700M,advanced,q265,"What was the name of the fanzine that interviewed the Sex Pistols bassist when he was in the band ""The Flowers of Romance?""",1.0,1.0,1.0,1.0,0.9197207891481876
LFM2 700M,advanced,q266,"What, known as AAS, is commonly used in bodybuilding?",1.0,1.0,1.0,1.0,1.0
LFM2 700M,advanced,q267,"Which American character actor who starred on the television series ""Stargate SG-1"" (1997–2007) and appeared in ""Episode 8"" of ""Twin Peaks"" as a guest star?",1.0,1.0,1.0,1.0,0.9197207891481876
LFM2 700M,advanced,q268,Candy Coburn has shared the stage with an American country music group with who playing guitar?,1.0,1.0,1.0,0.5,0.6131471927654584
LFM2 700M,advanced,q269,What is the population according to the 2007 population census of the city in which the National Archives and Library of Ethiopia is located?,1.0,1.0,1.0,1.0,1.0
LFM2 700M,advanced,q270,Which composer created Night Ferry first performed in 2012 at Symphony Center in Chicago?,1.0,1.0,1.0,1.0,0.9197207891481876
LFM2 700M,advanced,q271,To which aircraft carrier was the VMF-213 Marine Fighting Squadron assigned to durning World War II?,1.0,1.0,1.0,0.5,0.6131471927654584
LFM2 700M,advanced,q272,Can Stenocereus and Pachypodium both include tree like plants?,1.0,1.0,1.0,1.0,1.0
LFM2 700M,advanced,q273,What movie did Pitof direct which had an action-adventure tie-in video game based off of it in 2004?,1.0,1.0,1.0,0.5,0.6131471927654584
LFM2 700M,advanced,q274,"on 16 January 1995 ""First Knight"" was being filmed at a studio located how far from Windsor ?",1.0,1.0,1.0,1.0,1.0
LFM2 700M,advanced,q275,"What is the name of the actress who has received a Drama Desk award and was part of the cast album for the 2007 Broadway production of the hit musical, ""Grease""?",0.0,0.0,0.0,0.0,0.0
LFM2 700M,advanced,q276,"Marion Greene was a health policy analyst for St. Judt Medical company, which had how many principal operations worldwide?",1.0,1.0,1.0,1.0,1.0
LFM2 700M,advanced,q277,Which Genus has more species Eucryphia or Lepidozamia ?,1.0,1.0,1.0,1.0,1.0
LFM2 700M,advanced,q278,"In what city was the Italian Baroque composer who composed a set of sonatas, titled Op. 5, born?",1.0,1.0,1.0,1.0,0.9197207891481876
LFM2 700M,advanced,q279,"Meaning ""reddish water"" in Hawaiian, which location was Butch Van Artsdalen known for surfing 25-foot waves at?",1.0,1.0,1.0,0.5,0.6131471927654584
LFM2 700M,advanced,q280,What type of magazine is Eugene Habecker the chairman of?,1.0,1.0,1.0,0.5,0.6131471927654584
LFM2 700M,advanced,q281,"Flyboys stars which actor who was nominated for an Academy Award for ""127 Hours""?",1.0,1.0,1.0,1.0,1.0
LFM2 700M,advanced,q282,"The English actor Kris Marshall played which character in the highly rated comedy-drama television series ""Death in Paradise""?",1.0,1.0,1.0,1.0,1.0
LFM2 700M,advanced,q283,In what month was the relief first officer of the flight that crashed on its way to Cairo with a stop in New York Born?,1.0,1.0,1.0,0.5,0.6131471927654584
LFM2 700M,advanced,q284,Which film was released first: Sacred Planet or Oz the Great and Powerful?,1.0,1.0,1.0,1.0,1.0
LFM2 700M,advanced,q285,I'd Come for You is a single by the band formed in what Alberta city?,1.0,1.0,1.0,0.5,0.6131471927654584
LFM2 700M,advanced,q286,"Who is older, Ferdi Taygan or Mahesh Bhupathi?",1.0,1.0,1.0,1.0,1.0
LFM2 700M,advanced,q287,"Other than racing, what sport does the 1998 champion of the Toyota GRand Prix practice?",1.0,1.0,1.0,0.5,0.6131471927654584
LFM2 700M,advanced,q288,Where did Ian Harland study prior to studying at the oldest college at the University of Cambridge?,1.0,1.0,1.0,1.0,1.0
LFM2 700M,advanced,q289,In what 1997 American mystery crime film did Johnny Galecki start in?,1.0,1.0,1.0,1.0,1.0
LFM2 700M,advanced,q290,"Which came to market first, ""Hey Pa! There's a Goat on the Roof"" or ""Poleconomy""",1.0,1.0,1.0,1.0,1.0
LFM2 700M,advanced,q291,What record did the Super Bowl XXXIV champions finish the regular-season with in 1999?,0.3333333333333333,0.0,1.0,0.5,0.3065735963827292
LFM2 700M,advanced,q292,What is the population of the town at the intersection of Interstate Highways 77 and  the longest Interstate highway within the borders of Virginia?,1.0,1.0,1.0,1.0,1.0
LFM2 700M,advanced,q293,What was the nickname of the hitman hired by an Italian American Criminal Organization?,0.5,0.0,1.0,0.5,0.38685280723454163
LFM2 700M,advanced,q294,What was the position of Jean Baptiste Androuet du Cerceau under the man who was King of the Polish-Lithuanian Commonwealth from 1573 to 1575?,1.0,1.0,1.0,1.0,1.0
LFM2 700M,advanced,q295,"Which American music star appeared as a guest in a Will & Grace episode called ""Back Up, Dancer""?",1.0,1.0,1.0,0.5,0.6131471927654584
LFM2 700M,advanced,q296,What army did the namesake of the ship launched as the München in 1930 fight in during the American Revolutionary War?,0.0,0.0,0.0,0.0,0.0
LFM2 700M,advanced,q297,The Church of the Guanche People was founded in the city that is on the most populated island of what larger area?,1.0,1.0,1.0,0.5,0.6131471927654584
LFM2 700M,advanced,q298,What officially ended the first phase of the military conflict between the British Raj and the Emirate of Afghanistan from 1878 to 1880?,0.5,0.0,1.0,0.5,0.38685280723454163
LFM2 700M,advanced,q299,"The mass killing that took place at Oakland, California on April 2, 2012 was less deadly than the one that took place on October 1, 2015 in which state?",1.0,1.0,1.0,1.0,1.0
LFM2 700M,advanced,q300,"When did the rock band that sang ""All Join Hands"" rise to prominence?",1.0,1.0,1.0,0.5,0.6131471927654584
LFM2 700M,advanced,q301,Where is the company that owns thanKing Horse pub restaurant chain based ?,0.0,0.0,0.0,0.0,0.0
LFM2 700M,advanced,q302,What is the uppermost age range for the sort of fiction written by Alexander Gordon Smith?,1.0,1.0,1.0,0.5,0.6131471927654584
LFM2 700M,advanced,q303,"What is the birthday of the actress who was the Duchess in ""The Revengers Tragedy""?",0.0,0.0,0.0,0.0,0.0
LFM2 700M,advanced,q304,Which film starring Patrick Tatten is based on a book written by Steve Lopez?,1.0,1.0,1.0,0.5,0.6131471927654584
LFM2 700M,advanced,q305,Are Skeptical Inquirer and The Progressive Populist both tabloid-style magazines?,1.0,1.0,1.0,1.0,1.0
LFM2 700M,advanced,q306,"The 1984 film ""Marlene"" is a documentary about an actress born in what year?",1.0,1.0,1.0,1.0,1.0
LFM2 700M,advanced,q307,Which former mill town is near Rivington Hall Barn?,1.0,1.0,1.0,0.5,0.6131471927654584
LFM2 700M,advanced,q308,"What prolific English engineer, who died on 15 December 1857, contributed to the advent of the hot air engine by way of their open cycle devices?",1.0,1.0,1.0,1.0,1.0
LFM2 700M,advanced,q309,"Which dog is considered a giant dog breed, the  Leonberger or the Basset Hound?",1.0,1.0,1.0,1.0,1.0
LFM2 700M,advanced,q310,Are Staten Island Catapult and This Is Elvis both documentaries?,1.0,1.0,1.0,1.0,1.0
LFM2 700M,advanced,q311,"What is the year of the event that occured first, Making Today a Perfect Day was produced, or Frozen was produced?",1.0,1.0,1.0,1.0,0.9197207891481876
LFM2 700M,advanced,q312,"Which magazine is published more often, Shonen Jump or Rolling Stone?",1.0,1.0,1.0,1.0,1.0
LFM2 700M,advanced,q313,Where is the Cocoa Krispies and former Superman sponsor located?,0.0,0.0,0.0,0.0,0.0
LFM2 700M,advanced,q314,Who was born first Am Rong or Ava DuVernay ?,1.0,1.0,1.0,0.5,0.6131471927654584
LFM2 700M,advanced,q315,How many days did it take the Best New Artist of 2009 to sell 2 million copies of an album in the UK and break a twenty year old record?,1.0,1.0,1.0,0.5,0.6131471927654584
LFM2 700M,advanced,q316,"""Ew!"" is a song by a television host born where?",1.0,1.0,1.0,0.5,0.6131471927654584
LFM2 700M,advanced,q317,The northern English anglian Kingdom in the Humber estuary spoke what dialect of english?,1.0,1.0,1.0,0.5,0.6131471927654584
LFM2 700M,advanced,q318,"What Kentucky county has a population of 60,316 and features the Lake Louisvilla neighborhood?",1.0,1.0,1.0,1.0,1.0
LFM2 700M,advanced,q319,Are both Duke Energy and Affiliated Managers Group based in Massachusetts?,1.0,1.0,1.0,1.0,1.0
LFM2 700M,advanced,q320,"Two positions were filled in The Voice of Ireland b which British-Irish girl group based in London, England?",1.0,1.0,1.0,1.0,1.0
LFM2 700M,advanced,q321,"Who was also an actor, Serri or John Fogerty?",1.0,1.0,1.0,1.0,1.0
LFM2 700M,advanced,q322,"What is the international football competition for women that Liu Ailing played in the 1991,1995, 1999 editions?",1.0,1.0,1.0,1.0,1.0
LFM2 700M,advanced,q323,Rock Springs is a collection of short stories by an author born in what year?,0.5,0.0,1.0,0.5,0.38685280723454163
LFM2 700M,advanced,q324,Folie à Deux is a studio album by the American rock band formed in which city?,1.0,1.0,1.0,0.5,0.6131471927654584
LFM2 700M,advanced,q325,"This work of literature _______ , known by its Greek title Oedipus Tyrannus was argued by Sigmund Freud to be one of the greatest works of world literature in his 1928 article.",1.0,1.0,1.0,1.0,0.9197207891481876
LFM2 700M,advanced,q326,Katherine Waterston and Chrisann Brennan has what in common?,1.0,1.0,1.0,1.0,1.0
LFM2 700M,advanced,q327,"The voice of Homer Simpson also voices what alien character in the television series ""The Simpsons""?",1.0,1.0,1.0,0.5,0.6131471927654584
LFM2 700M,advanced,q328,What studio album did Kanye West record with Roc-A-Fella Records and soul singer Dwele?,0.3333333333333333,0.0,1.0,0.5,0.3065735963827292
LFM2 700M,advanced,q329,Were Enrique Carreras and Lionel Ngakane both filmakers during the 20th century?,1.0,1.0,1.0,1.0,1.0
LFM2 700M,advanced,q330,The city that contains the Yunnan Provincial Museum is also known by what nickname?,1.0,1.0,1.0,1.0,0.9197207891481876
LFM2 700M,advanced,q331,"Where is the singer of ""B Boy"" raised?",0.0,0.0,0.0,0.0,0.0
LFM2 700M,advanced,q332,The Column of Saint Zanobi  is a monumental marble column located just north of religious building with the status of what?,1.0,1.0,1.0,0.5,0.6131471927654584
LFM2 700M,advanced,q333,The Ingerophrynus gollum is named after a character in a book that sold how many copies?,1.0,1.0,1.0,1.0,1.0
LFM2 700M,advanced,q334,"What Danish eurodance group had a single called ""Barbie Girl"" which resulted in a lawsuit in 2002?",1.0,1.0,1.0,1.0,1.0
LFM2 700M,advanced,q335,"Which case was decided first, Selle v. Gibb or Reynolds v. Sims?",1.0,1.0,1.0,1.0,1.0
LFM2 700M,advanced,q336,Mamie Gummer played the role of Nancy Crozier on the TV series airing on what network?,1.0,1.0,1.0,0.5,0.6131471927654584
LFM2 700M,advanced,q337,What country do both Adnan Akmal and Kamran Akmal represent in cricket?,1.0,1.0,1.0,1.0,1.0
LFM2 700M,advanced,q338,Did Franki Valli sing with Hellogoodbye or The Four Seasons?,1.0,1.0,1.0,0.5,0.6131471927654584
LFM2 700M,advanced,q339,Both Sorbaria and Goldenrod are a genus of more than 50 flowering plants?,1.0,1.0,1.0,1.0,1.0
LFM2 700M,advanced,q340,"What is the capacity of the Stadium, other than Kauffman Stadium, designed by Charles Deaton ?",1.0,1.0,1.0,1.0,0.9197207891481876
LFM2 700M,advanced,q341,"Who is the current drummer of the band who did the song ""What Lovers Do""?",1.0,1.0,1.0,0.5,0.6131471927654584
LFM2 700M,advanced,q342,What 2017 Christopher B. Landon directed American slasher film is Jessica Rothe starring in?,1.0,1.0,1.0,1.0,1.0
LFM2 700M,advanced,q343,Who was the president of the Sinn Fein political party during the Hume-Adams Dialogue?,1.0,1.0,1.0,1.0,0.9197207891481876
LFM2 700M,advanced,q344,Which of these battles occurred earlier--the Battle of Peleliu or the Battle of Belleau Wood?,1.0,1.0,1.0,1.0,1.0
LFM2 700M,advanced,q345,Garden Island Naval Chapel is the oldest Chistian chapel of a naval branch of what defence force?,1.0,1.0,1.0,0.5,0.6131471927654584
LFM2 700M,advanced,q346,Július Satinský was born in a city that has a current population of what?,1.0,1.0,1.0,1.0,0.9197207891481876
LFM2 700M,advanced,q347,"What was the name of the 19th century foundry which was located in a village directly across the Hudson River from Westpoint in Putnam County, New York?",1.0,1.0,1.0,0.5,0.6131471927654584
LFM2 700M,advanced,q348,What fictional character created by Tom Clancy was turned into a film in 2002?,1.0,1.0,1.0,1.0,0.9197207891481876
LFM2 700M,advanced,q349,Wheat salad is composed typically of what red fruit?,1.0,1.0,1.0,0.5,0.6131471927654584
LFM2 700M,advanced,q350,What year did the biographical-comedy-crime film directed by Steven Soderbergh about the highest-level corporate executive whistleblower come out?,1.0,1.0,1.0,0.5,0.6131471927654584
LFM2 700M,advanced,q351,"when was the album that includes the song by Dustin Lynch released to country radio on February 17, 2017?",0.3333333333333333,0.0,1.0,0.5,0.3065735963827292
LFM2 700M,advanced,q352,"Which playwright lived a longer life, Edward Albee or J. M. Barrie?",0.0,0.0,0.0,0.0,0.0
LFM2 700M,advanced,q353,Are both Rutgers University and Carnegie Mellon University located in America?,1.0,1.0,1.0,1.0,1.0
LFM2 700M,advanced,q354,"Vanessa Bley is what person who organizes and often finances concerts, plays, or operas, performing a role?",1.0,1.0,1.0,0.5,0.6131471927654584
LFM2 700M,advanced,q355,Were Thomas H. Ince and Joseph McGrath of the same nationality?,1.0,1.0,1.0,1.0,1.0
LFM2 700M,advanced,q356,Are Phlebodium and Pieris both species of ferns?,1.0,1.0,1.0,1.0,0.9197207891481876
LFM2 700M,advanced,q357,Bartlett's Bridge was built by the engineer who worked for the county seat of which Massachusetts county?,1.0,1.0,1.0,0.5,0.6131471927654584
LFM2 700M,advanced,q358,"Which novelist, J. G. Farrell or Louis Aragon, wrote of the political and human consequences of his country's colonial rule?",1.0,1.0,1.0,1.0,1.0
LFM2 700M,advanced,q359,What city did the characters from Gargoyles the Movie: The Heroes Awaken wake up in after being in an enchantedly petrified state for a thousand years?,1.0,1.0,1.0,0.5,0.6131471927654584
LFM2 700M,advanced,q360,Who were the producers of the show for which Chris McKay made his feature film directorial debut?,1.0,1.0,1.0,1.0,1.0
LFM2 700M,advanced,q361,The Waterloo Vase has been used as a garden ornament at whose residence and administrative headquarters?,1.0,1.0,1.0,1.0,1.0
LFM2 700M,advanced,q362,Scott Sandelin grew up in a town in what Minnesota county?,1.0,1.0,1.0,0.5,0.6131471927654584
LFM2 700M,advanced,q363,The 37th Disney animated feature film Tarzan features You'll be in my heart by which artist?,1.0,1.0,1.0,1.0,1.0
LFM2 700M,advanced,q364,What type of media does J. T. Petty and Outlast have in common?,1.0,1.0,1.0,1.0,1.0
LFM2 700M,advanced,q365,"Where did the architect of the Governor's House, located in Knutsford, graduate from college?",1.0,1.0,1.0,1.0,1.0
LFM2 700M,advanced,q366,"What is the latest album of Tim Hecker, the Canadian electronic music maker?",1.0,1.0,1.0,0.5,0.6131471927654584
LFM2 700M,advanced,q367,What is the name of this Fortune 500 American company that operates a chain of retail home improvement stores that sponsored House Rules?,1.0,1.0,1.0,1.0,1.0
LFM2 700M,advanced,q368,"For what ""first"" was Ivory Lee Brown's nephew credited for in Heisman Trophy balloting?",1.0,1.0,1.0,0.5,0.6131471927654584
LFM2 700M,advanced,q369,"Haruki Murakami said that writing ""Dance Dance Dance"" had been a healing act after his unexpected fame following the publication of a novel published in which year ?",1.0,1.0,1.0,1.0,1.0
LFM2 700M,advanced,q370,Erica Packer was the second wife of what Australian businessman?,1.0,1.0,1.0,1.0,1.0
LFM2 700M,advanced,q371,What type of media does Bitter Jester and Sicko have in common?,1.0,1.0,1.0,1.0,1.0
LFM2 700M,advanced,q372,"What country does Eric A. Sykes and Eccles, Greater Manchester have ion common?",1.0,1.0,1.0,1.0,1.0
LFM2 700M,advanced,q373,"What South Korean actor was a member of the pop duo TVXQ and stared in Heading to the Ground, a 2009 MBC television series?",1.0,1.0,1.0,1.0,1.0
LFM2 700M,advanced,q374,"which is traditionally drunk before retiring to bed, Hot toddy or Kir?",1.0,1.0,1.0,1.0,1.0
LFM2 700M,advanced,q375,"What year was the film ""Mom"" released, starring the voice of Shashaa Tirupati?",1.0,1.0,1.0,1.0,1.0
LFM2 700M,advanced,q376,For One Night Only was hosted by the man most well-known for hosting what show from 1962 until 1999?,0.5,0.0,1.0,1.0,0.6934264036172708
LFM2 700M,advanced,q377,What company did Roscoe Channing form with the owner of a leading stable of thoroughbred racehorses?,1.0,1.0,1.0,1.0,1.0
LFM2 700M,advanced,q378,"Jens Risom introduced what type of design, characterized by minimalism and functionality?",1.0,1.0,1.0,1.0,1.0
LFM2 700M,advanced,q379,Which of the movie which has Rich Lee 3-D previsualizations was directed by Francis Lawrence?,1.0,1.0,1.0,0.5,0.6131471927654584
LFM2 700M,advanced,q380,What criteria subjectively qualifies the Houston Astrodome to be called the Eighth Wonder of the World?,1.0,1.0,1.0,1.0,1.0
LFM2 700M,advanced,q381,"Who was born first, José Echegaray y Eizaguirre or P. J. O'Rourke?",1.0,1.0,1.0,1.0,1.0
LFM2 700M,advanced,q382,Who did the Doncaster Belles play in the 1994 FA Women's Cup Final held at Glanford Park?,1.0,1.0,1.0,1.0,1.0
LFM2 700M,advanced,q383,What act for Innocent Records achieved Platinum sales and shares its name with a primary color in the RGB color model?,0.0,0.0,0.0,0.0,0.0
LFM2 700M,advanced,q384,"What national historic district is located near a village in the town of Philipstown, New York?",1.0,1.0,1.0,0.5,0.6131471927654584
LFM2 700M,advanced,q385,Which American writer wrote both The Ganymede Takeover (1967) and The Man in the High Castle (1962)?,1.0,1.0,1.0,1.0,0.9197207891481876
LFM2 700M,advanced,q386,Curt Menefee is the host of the Fox network's NFL show with co-host Michael Anthony Strahan who spent his entire 15-year career with what team?,1.0,1.0,1.0,1.0,1.0
LFM2 700M,advanced,q387,Francisco Jose Hernandez was a participant in an invasion that took place in what year?,1.0,1.0,1.0,0.5,0.6131471927654584
LFM2 700M,advanced,q388,Dead but Rising was a song by the Danish band fomed in what city in 2001?,1.0,1.0,1.0,0.5,0.6131471927654584
LFM2 700M,advanced,q389,"The man, who the award in which ""Summer of the Monkeys"" won, was a spokesman for white sector of America?",1.0,1.0,1.0,0.5,0.6131471927654584
LFM2 700M,advanced,q390,Which lead actor/actress in War Chhod Na Yaar has also acted in Bengali and English-language films?,1.0,1.0,1.0,0.5,0.6131471927654584
LFM2 700M,advanced,q391,What type of movie are Wishing Stairs and Voice?,1.0,1.0,1.0,0.5,0.6131471927654584
LFM2 700M,advanced,q392,"Which cast member of Alice Upside Down also stars in the ABC Family/Freeform drama ""Switched at Birth?""",1.0,1.0,1.0,0.5,0.6131471927654584
LFM2 700M,advanced,q393,What kind of movie directed by F. Javier gutierrez did an Italian model and actress star in?,0.0,0.0,0.0,0.0,0.0
LFM2 700M,advanced,q394,In which county is the English king Harold Godwinson buried?,0.0,0.0,0.0,0.0,0.0
LFM2 700M,advanced,q395,"Who wrote The Devils, and was an eninent English theater, opera and film director?",0.5,0.0,1.0,0.5,0.38685280723454163
LFM2 700M,advanced,q396,Which Grand Slam singles tournament have Francesca Schiavone and Olga Morozova both been finalists in?,1.0,1.0,1.0,1.0,1.0
LFM2 700M,advanced,q397,"""Kapitän zur See"" Ernst Lindemann was the commander of which one of two battleships built for Nazi Germany's ""Kriegsmarine""?",0.5,0.0,1.0,0.5,0.38685280723454163
LFM2 700M,advanced,q398,"Which football team does Lewis Young's older brother, Ashley Young, play for?",1.0,1.0,1.0,1.0,1.0
LFM2 700M,advanced,q399,Snowdrop is a proprietary game engine first revealed with an online-only action role-playing video game developed by who?,1.0,1.0,1.0,0.5,0.6131471927654584
LFM2 700M,advanced,q400,Wendy Ayche was featured in 2016 in an annual production created by Youtube and what other organization?,1.0,1.0,1.0,0.5,0.6131471927654584
LFM2 700M,advanced,q401,"John MacGregor, Baron MacGregor of Pulham Market was educated at the University of St Andrews and another university established by what monach?",1.0,1.0,1.0,0.5,0.6131471927654584
LFM2 700M,advanced,q402,"Which game was released first, Icehouse pieces or Kill Doctor Lucky?",1.0,1.0,1.0,1.0,1.0
LFM2 700M,advanced,q403,American Blues included the drummer from which American rock band?,0.3333333333333333,0.0,1.0,0.5,0.3065735963827292
LFM2 700M,advanced,q404,"The Indian actor and philanthropist, who starred in ""Mera Damad,"" entered the film industry in what year?",1.0,1.0,1.0,0.5,0.6131471927654584
LFM2 700M,advanced,q405,The Jeep Cherokee was originally sold as a variant of a Jeep model produced during what years?,1.0,1.0,1.0,0.5,0.6131471927654584
LFM2 700M,advanced,q406,Where was the person born who was recognized by MIAL and is an American soprano?,1.0,1.0,1.0,1.0,1.0
LFM2 700M,advanced,q407,"Which magazine is older, Gallery or Dime Magazine?",1.0,1.0,1.0,0.5,0.6131471927654584
LFM2 700M,advanced,q408,which writer has the highest number of skill  Langston Hughes or  Ian McEwan,1.0,1.0,1.0,1.0,1.0
LFM2 700M,advanced,q409,How large is the shopping mall where KGOT radio station has its studios ?,1.0,1.0,1.0,0.5,0.6131471927654584
LFM2 700M,advanced,q410,What are the names of the members of the Detroit-based hip hop duo who has worked with Jason Gilbert?,1.0,1.0,1.0,0.5,0.6131471927654584
LFM2 700M,advanced,q411,"Which has the larger population, Shanghai or Hanggin Rear Banner?",1.0,1.0,1.0,0.5,0.6131471927654584
LFM2 700M,advanced,q412,"Jacques Mathou starred in Delicatessen, the 1991 French movie in the style of which celebrated American animator?",1.0,1.0,1.0,1.0,0.9197207891481876
LFM2 700M,advanced,q413,"Jacques Sernas, actor in Fugitive in Trieste, was of what nationality?",1.0,1.0,1.0,1.0,1.0
LFM2 700M,advanced,q414,The VMAQT-1 logo is a female spirit in Irish mythology who heralds the death of what?,1.0,1.0,1.0,1.0,1.0
LFM2 700M,advanced,q415,"The actress that played the leading role in the independent film ""A Perfect Ending"" also stars with John Bregar in a 2008 film directed by who?",1.0,1.0,1.0,0.5,0.6131471927654584
LFM2 700M,advanced,q416,"Which band is from England, Fireflight or Dirty Pretty Things?",1.0,1.0,1.0,1.0,1.0
LFM2 700M,advanced,q417,"The Bart the Fink episode of The Simpsons aired in February of 1996, and involves the host of which kiddie show?",1.0,1.0,1.0,1.0,1.0
LFM2 700M,advanced,q418,"Which mall, Wilton Mall or Viaport Rotterdam, has had more owners?",1.0,1.0,1.0,1.0,1.0
LFM2 700M,advanced,q419,Which close friend of an American former basketball player was signed for to play for the Timberwolves?,1.0,1.0,1.0,1.0,1.0
LFM2 700M,advanced,q420,What is the 2010 population of the city 2.1 miles southwest of Marietta Air Force Station?,1.0,1.0,1.0,0.5,0.6131471927654584
LFM2 700M,advanced,q421,Are Buried Country and South of the Border both films turned into stage performances?,1.0,1.0,1.0,0.5,0.6131471927654584
LFM2 700M,advanced,q422,"""A Summer in the Cage"" and ""American Hardcore"" are both what kind of film?",1.0,1.0,1.0,0.5,0.6131471927654584
LFM2 700M,advanced,q423,How many novels are there in the series of novels of which Shadows in Flight is the tenth novel ?,1.0,1.0,1.0,0.5,0.6131471927654584
LFM2 700M,advanced,q424,One of the coaches of Southern Methodist University also played what role at the Arizona State Sun Devils?,1.0,1.0,1.0,0.5,0.6131471927654584
LFM2 700M,advanced,q425,What is the height of the player who won the 2015 AFL Rising Star award?,1.0,1.0,1.0,1.0,1.0
LFM2 700M,advanced,q426,Las Vegas Festival Grounds is north of the hotel that is owned by which company?,1.0,1.0,1.0,0.5,0.6131471927654584
LFM2 700M,advanced,q427,"Which musical fantasy film is older, Bedknobs and Broomsticks or The Muppet Christmas Carol?",1.0,1.0,1.0,1.0,1.0
LFM2 700M,advanced,q428,"Which river system in Chilhowie, Virginia was the starting place for most Longhunters?",1.0,1.0,1.0,0.5,0.6131471927654584
LFM2 700M,advanced,q429,What party does the House of Commons representative for Congleton belong to?,1.0,1.0,1.0,1.0,1.0
LFM2 700M,advanced,q430,Season 2 of Rick and Morty began with the episode directed by whom?,1.0,1.0,1.0,1.0,0.9197207891481876
LFM2 700M,advanced,q431,What team did the recipient of the 2007 Brownlow Medal play for?,1.0,1.0,1.0,0.5,0.6131471927654584
LFM2 700M,advanced,q432,Were both the Battle of Stones River and the Battle of the Ch'ongch'on River fought in the 19th century?,1.0,1.0,1.0,1.0,1.0
LFM2 700M,advanced,q433,"Who has more scope of profession, Phil Rosen or  Delmer Daves?",1.0,1.0,1.0,1.0,1.0
LFM2 700M,advanced,q434,"Which band has more members, Test Icicles or X Ambassadors?",1.0,1.0,1.0,1.0,1.0
LFM2 700M,advanced,q435,The movies The Boatniks and The Great Locomotive Chase were both made by which production company?,1.0,1.0,1.0,1.0,1.0
LFM2 700M,advanced,q436,How long is the river for which Frenchmans Creek is a tributary?,1.0,1.0,1.0,0.5,0.6131471927654584
LFM2 700M,advanced,q437,Where is the school that Tyler Kalinoski went to located?,1.0,1.0,1.0,0.5,0.6131471927654584
LFM2 700M,advanced,q438,Ambrose Mendy has managed and/or advised a British professional boxer that as of July 2017 is ranked the world's seventh best super middleweight by who?,1.0,1.0,1.0,1.0,1.0
LFM2 700M,advanced,q439,"Rejuvelac is kind of grain water invented and promoted by a ""holistic health"" practitioner born in which year ?",1.0,1.0,1.0,0.5,0.6131471927654584
LFM2 700M,advanced,q440,What town host an annual media finance conference that has featured an Australian-born American media mogul?,0.5,0.0,1.0,1.0,0.6934264036172708
LFM2 700M,advanced,q441,Ronald Reagan and George H. W. Bush both held which position in office?,0.5,0.0,1.0,1.0,0.6934264036172708
LFM2 700M,advanced,q442,"In between The Bears and I and Oceans which was released on July 31, 1974, by Buena Vista Distribution?",1.0,1.0,1.0,0.5,0.6131471927654584
LFM2 700M,advanced,q443,What book provided the foundation for Masters and Johnson's research team?,1.0,1.0,1.0,0.5,0.6131471927654584
LFM2 700M,advanced,q444,"What star of ""Attack of the Gryphon"" was also a voice artist in Johnny Bravo?",1.0,1.0,1.0,1.0,0.9197207891481876
LFM2 700M,advanced,q445,"Which fantasy film from 1971 featured the song ""The Age of Not Believing""?",1.0,1.0,1.0,1.0,1.0
LFM2 700M,advanced,q446,Mick Carter is the landlord of a public house located at what address?,1.0,1.0,1.0,0.5,0.6131471927654584
LFM2 700M,advanced,q447,"What television thriller anthology did the winner of one Golden Globe, two tony Awards and six Primetime Emmy Awards appear on?",0.0,0.0,0.0,0.0,0.0
LFM2 700M,advanced,q448,What Cayman Islands registered Mandarin and Cantonese-language television broadcaster launched Phoenix Hong Kong Channel on 28 March 2011?,1.0,1.0,1.0,1.0,1.0
LFM2 700M,advanced,q449,What is the name of the film starring Rose McGowan and features the character Earl McGraw's daughter?,1.0,1.0,1.0,0.5,0.6131471927654584
LFM2 700M,advanced,q450,"Chimaja Appawas the younger brother of a general of the Maratha Empire in India, who served as what to the fifth Maratha Chhatrapati Shahu from 1720 until his death?",1.0,1.0,1.0,1.0,1.0
LFM2 700M,advanced,q451,What is the name of the oldest child that attended the Trump campaign-Russian meeting?,1.0,1.0,1.0,1.0,1.0
LFM2 700M,advanced,q452,The 1st Virginia Regiment saw action at a battle that led to the departure of what Royal Governor?,1.0,1.0,1.0,1.0,0.9197207891481876
LFM2 700M,advanced,q453,"Which Argentine telenovela broadcast by Telefe from March 12 to December 19, 2012 starred Isabel Macedo as Jimena Benitez?",1.0,1.0,1.0,1.0,1.0
LFM2 700M,advanced,q454,What was position of the man who served Prince Andrew from 1990-2001?,0.5,0.0,1.0,0.5,0.38685280723454163
LFM2 700M,advanced,q455,Are Agee and To Shoot an Elephant both documentaries about war?,1.0,1.0,1.0,1.0,1.0
LFM2 700M,advanced,q456,"What shallow water table aquifer is located near the county seat of Keith County, Nebraska?",0.5,0.0,1.0,1.0,0.6934264036172708
LFM2 700M,advanced,q457,Who was born first Mahbub ul Haq or Ibn Arabi?,1.0,1.0,1.0,1.0,1.0
LFM2 700M,advanced,q458,What does the goddess associated with the goddess frigg  consists of what tales?,0.3333333333333333,0.0,1.0,0.5,0.3065735963827292
LFM2 700M,advanced,q459,"What competition held in Kathmandu, Nepal did Julian Bolling compete in 1984?",1.0,1.0,1.0,1.0,1.0
LFM2 700M,advanced,q460,William Pery served as Captain of the Yeomen of the Guard under the lord who served in what position from 1865 to 1868?,1.0,1.0,1.0,0.5,0.6131471927654584
LFM2 700M,advanced,q461,William Cammisano was part of which Mafia family?,1.0,1.0,1.0,0.5,0.6131471927654584
LFM2 700M,advanced,q462,1956 Night Series Cup games were played at what inner suburb of Melbourne that is 3km south of Melbourne's central business district?,1.0,1.0,1.0,0.5,0.6131471927654584
LFM2 700M,advanced,q463,When did the game which held three times in  in East Asia first held,0.5,0.0,1.0,0.5,0.38685280723454163
LFM2 700M,advanced,q464,Blinding Edge Pictures produced which 2000 film starring Bruce Willis?,1.0,1.0,1.0,0.5,0.6131471927654584
LFM2 700M,advanced,q465,"What kind of dinosaur does Raymond Ochoa voice in the Pixar film ""The Good Dinosaur""?",1.0,1.0,1.0,1.0,1.0
LFM2 700M,advanced,q466,Which American Space Western animated series did Celebrity Home Entertainment released,1.0,1.0,1.0,1.0,1.0
LFM2 700M,advanced,q467,How are elephants connected to Gajabrishta?,1.0,1.0,1.0,1.0,1.0
LFM2 700M,advanced,q468,"Which battle occurred first, the Battle of Manila or the Battle of Guam?",1.0,1.0,1.0,0.5,0.6131471927654584
LFM2 700M,advanced,q469,Kam Heskin plays Paige Morgan in a 2004 film directed by who?,1.0,1.0,1.0,1.0,0.9197207891481876
LFM2 700M,advanced,q470,"What 2016 film stars actor Xavier Samuel and an actress who portrayed Vasilisa Dragomir in the film ""Vampire Academy""?",1.0,1.0,1.0,0.5,0.6131471927654584
LFM2 700M,advanced,q471,What type of profession does Ithu Engal Neethi and Shoba Chandrasekhar have in common?,1.0,1.0,1.0,1.0,1.0
LFM2 700M,advanced,q472,In what field does the firm at which Claudio Fernández-Aráoz was a currently a senior adviser offers services?,1.0,1.0,1.0,0.5,0.6131471927654584
LFM2 700M,advanced,q473,Eric Ambler and Carol Shields are both best Known for what profession?,0.0,0.0,0.0,0.0,0.0
LFM2 700M,advanced,q474,"Which ""Official Ireland"" group comprises about  78.3% of the population of Ireland?",1.0,1.0,1.0,0.5,0.6131471927654584
LFM2 700M,advanced,q475,Where was the telefilm shot that was based on the 1977 Katherine Paterson book?,0.5,0.0,1.0,0.5,0.38685280723454163
LFM2 700M,advanced,q476,Which American cable news and talk radio host was the former GOP representative,1.0,1.0,1.0,0.5,0.6131471927654584
LFM2 700M,advanced,q477,"What Division was the college footbal team that fired their head coach on November 24, 2006?",0.0,0.0,0.0,0.0,0.0
LFM2 700M,advanced,q478,"Which is a Macedonian weekly, Hänt Extra or Tea Moderna?",1.0,1.0,1.0,1.0,1.0
LFM2 700M,advanced,q479,What is the shared country of ancestry between Art Laboe and Scout Tufankjian?,1.0,1.0,1.0,1.0,1.0
LFM2 700M,advanced,q480,Who programmed a cartridge-based development system made by a company noted for authoring Atari's BASIC?,1.0,1.0,1.0,0.5,0.6131471927654584
LFM2 700M,advanced,q481,"Which record label released Van Morrison's ""I've Been Working"" on the album ""His Band and the Street Choir""?",1.0,1.0,1.0,1.0,1.0
LFM2 700M,advanced,q482,Hate Them is the ninth album by a band likened to who?,0.0,0.0,0.0,0.0,0.0
LFM2 700M,advanced,q483,"How did Emilie du Chatelet, Voltaire's love, contribute to the basic laws of physics?",1.0,1.0,1.0,1.0,1.0
LFM2 700M,advanced,q484,Were Goo Goo Dolls and Echosmith formed in the same city?,1.0,1.0,1.0,1.0,1.0
LFM2 700M,advanced,q485,The Detroit mayoral elections of 2009 took place to fill the vacancy created by a politician who was sentenced to what?,1.0,1.0,1.0,1.0,1.0
LFM2 700M,advanced,q486,In what year was the team that Luke Clark plays either right back or central midfielder for founded?,1.0,1.0,1.0,0.5,0.6131471927654584
LFM2 700M,advanced,q487,What genre of music was played by both Tappi Tíkarrass and INXS?,1.0,1.0,1.0,1.0,1.0
LFM2 700M,advanced,q488,A puzzle-platform video game developed by the Valve Corporation is part of what 2012 action-adventure game?,0.5,0.0,1.0,0.5,0.38685280723454163
LFM2 700M,advanced,q489,What produces the hormone that promotes sodium retention in the distal nephron?,1.0,1.0,1.0,1.0,1.0
LFM2 700M,advanced,q490,How many Senate seats will be contested during the midterm elections that Nancy Soderberg has filed to run for Congress in?,1.0,1.0,1.0,1.0,0.9197207891481876
LFM2 700M,advanced,q491,In between Berghuis v. Thompkins and Mississippi University for Women v. Hogan which one was a  case decided 5-4 by the Supreme Court of the United States?,1.0,1.0,1.0,1.0,1.0
LFM2 700M,advanced,q492,Which jazz singer has a 2003 album entitled The Boy Next Door?,1.0,1.0,1.0,0.5,0.6131471927654584
LFM2 700M,advanced,q493,The actor who appeared on Charlotte's Shorts and Weeds was born in what year?,1.0,1.0,1.0,0.5,0.6131471927654584
LFM2 700M,advanced,q494,"After he was contracted by the team that is headquartered in Affalterbach, Baden-Württemberg, Germany, Dario Franchitti competed in what series?",1.0,1.0,1.0,0.5,0.6131471927654584
LFM2 700M,advanced,q495,"In which year did this division, where Cleveland Browns placed fourth in 2009, adopt its current name?",1.0,1.0,1.0,1.0,1.0
LFM2 700M,advanced,q496,How many restaurants comprise the quick service restaurant chain that Ron Joyce helped found?,1.0,1.0,1.0,0.5,0.6131471927654584
LFM2 700M,advanced,q497,Anthony Avent played basketball fo a High School that is located in a city approcimately 8 mi west of where?,1.0,1.0,1.0,0.5,0.6131471927654584
LFM2 700M,advanced,q498,What edition of tennis' US Open was the 2017 US Open when Petra Kvitova was a quarterfinalist?,1.0,1.0,1.0,1.0,1.0
LFM2 700M,advanced,q499,Walt Zeboski photographed which 40th President during his campaign in 1980?,1.0,1.0,1.0,1.0,1.0
LFM2 700M,advanced,q500,"What type of film are both ""500 Years Later"" and ""Manson""?",1.0,1.0,1.0,1.0,1.0
LFM2 700M,advanced,q501,Who was the film which was Kim Dae-woo's directing debut about ?,1.0,1.0,1.0,0.5,0.6131471927654584
LFM2 700M,advanced,q502,Which city was the man who is known for a science humor story based on the tongue-in-cheek combination of two adages born in?,0.0,0.0,0.0,0.0,0.0
LFM2 700M,advanced,q503,What was the largest passenger capacity of the plane type used for BOAC Flight 911 ?,1.0,1.0,1.0,0.5,0.6131471927654584
LFM2 700M,advanced,q504,"What is the birthday of this Anglo-Irish actress, courtean, and mistress, who was the mother to the illegitimate daughter of King William IV?",1.0,1.0,1.0,1.0,1.0
LFM2 700M,advanced,q505,"During which years was the model of car, featured on the cover of Earth's ""Pentastar: In the Style of Demons"" manufactured?",0.0,0.0,0.0,0.0,0.0
LFM2 700M,advanced,q506,"The ""civic rally cross"" was sold alongside what other model sold exclusively in Japan at Honda Verno dealerships?",0.5,0.0,1.0,1.0,0.6934264036172708
LFM2 700M,advanced,q507,Is Gasherbrum II or Nuptse closest to the tallest mountain in the world?,1.0,1.0,1.0,1.0,1.0
LFM2 700M,advanced,q508,Which constituent college of the University of Oxford endows four professorial fellowships for sciences including chemistry and pure mathematics?,1.0,1.0,1.0,0.5,0.6131471927654584
LFM2 700M,advanced,q509,"In what London botanical garden can you find the fungus described by Elise Maud Wakefield as ""Lepiota""?",1.0,1.0,1.0,1.0,1.0
LFM2 700M,advanced,q510,"Who collaborated with Rihanna on the album release ""Numb""?",1.0,1.0,1.0,1.0,1.0
LFM2 700M,advanced,q511,Christopher Oscar Pena was recognized by an entertainment-industry brand aimed at what?,1.0,1.0,1.0,0.5,0.6131471927654584
LFM2 700M,advanced,q512,"What was the nationality of the actor playing a Russian hostage taker in ""Hostage for a Day""?",1.0,1.0,1.0,0.5,0.6131471927654584
LFM2 700M,advanced,q513,The Argentine National Anthem was adopted 3 years after which event that led to the removal of Viceroy Baltasar Hildalgo de Cisneros?,1.0,1.0,1.0,1.0,1.0
LFM2 700M,advanced,q514,What professions did S. Sylvan Simon and Danny Cannon have in common?,1.0,1.0,1.0,1.0,1.0
LFM2 700M,advanced,q515,What number album is the first W.A.S.P. album to feature Steven Edward Duren playing guitar?,1.0,1.0,1.0,1.0,1.0
LFM2 700M,advanced,q516,What city did the Freebooters F.C. soccer team lose in that is now known as Croke Park?,1.0,1.0,1.0,1.0,1.0
LFM2 700M,advanced,q517,What screenplay was worked on by both Edward Carfagno and Miklos Rozsa?,1.0,1.0,1.0,0.5,0.6131471927654584
LFM2 700M,advanced,q518,Which avant-garde Japanese composer studied with John Cage and wrote Music for Electric Metronomes?,1.0,1.0,1.0,1.0,1.0
LFM2 700M,advanced,q519,"Where is the academy, for which Joseph D. Stewart was appointed Superintendent, located?",1.0,1.0,1.0,1.0,1.0
LFM2 700M,advanced,q520,James Spedding was chiefly known as the editor of the works of an author who served both as Attorney General and as what?,1.0,1.0,1.0,0.5,0.6131471927654584
LFM2 700M,advanced,q521,"Which movie directed by James Gunn portrayed the fictional character, Ego the Living Planet?",1.0,1.0,1.0,1.0,1.0
LFM2 700M,advanced,q522,"The Government of Canada, which is the federal administration of Canada, is involved in what scandal in the province of Quebec?",1.0,1.0,1.0,1.0,1.0
LFM2 700M,advanced,q523,"who had to escape nazis, Sigmund Freud or Evelyn Waugh?",1.0,1.0,1.0,0.5,0.6131471927654584
LFM2 700M,advanced,q524,Conrad Anker located the body of a mountaineer who took part it the first three British expeditions to which mountain?,1.0,1.0,1.0,1.0,0.9197207891481876
LFM2 700M,advanced,q525,José Saramago and Ivo Andrić were recipients of what award in Literature?,1.0,1.0,1.0,1.0,1.0
LFM2 700M,advanced,q526,Are Chlidanthus and Maianthemum both flowering plants?,1.0,1.0,1.0,1.0,1.0
LFM2 700M,advanced,q527,The Duke Steps Out stars an actress who was ranked tenth on a list of greatest female Hollywood stars in what year?,1.0,1.0,1.0,1.0,1.0
LFM2 700M,advanced,q528,What drum machine was introduced in 1989 and allowed 32 notes to be played simultaneously?,1.0,1.0,1.0,0.5,0.6131471927654584
LFM2 700M,advanced,q529,"Which band was formed first, Wavves or Social Code?",1.0,1.0,1.0,1.0,1.0
LFM2 700M,advanced,q530,Iselin Solheim provided vocals in the song released on what date?,1.0,1.0,1.0,0.5,0.6131471927654584
LFM2 700M,advanced,q531,"What took place first, The Korean War or The Western Allied invasion of Germany?",1.0,1.0,1.0,1.0,1.0
LFM2 700M,advanced,q532,Are Mauritz Stiller and Johannes Grenzfurthner both of the same nationality?,1.0,1.0,1.0,1.0,1.0
LFM2 700M,advanced,q533,Luke Null is an actor who was on the program that premiered its 43rd season on which date?,1.0,1.0,1.0,1.0,0.9197207891481876
LFM2 700M,advanced,q534,"With whom did this American singer, songwriter and record producer, who contributed to the single ""Marvin Gaye"" with Julie Frost, co-produced and performed the 2015 song for a movie soundtrack?",1.0,1.0,1.0,0.5,0.6131471927654584
LFM2 700M,advanced,q535,"In what year did the Guild of Music Supervisors Awards recognize a British-American romantic drama film based on the 1952 romance novel ""The Price of Salt"" starring Cate Blanchett?",1.0,1.0,1.0,0.5,0.6131471927654584
LFM2 700M,advanced,q536,"Who has released more studio albums, Candlelight Red or Motion City Soundtrack?",1.0,1.0,1.0,0.5,0.6131471927654584
LFM2 700M,advanced,q537,What number president was Annie Caputo nominated by to become a member of the Nuclear Regulatory Commission?,1.0,1.0,1.0,0.5,0.6131471927654584
LFM2 700M,advanced,q538,Jack Alfred Evans played with a football club team that is based in what city in Australia?,1.0,1.0,1.0,0.5,0.6131471927654584
LFM2 700M,advanced,q539,What is the date of birth of the English inventor that developed the Richard Hornsby & Sons oil engine?,1.0,1.0,1.0,0.5,0.6131471927654584
LFM2 700M,advanced,q540,Where was the sports complex at which Will Brodie made his debut in the thirty-five point loss against Melbourne located?,1.0,1.0,1.0,0.5,0.6131471927654584
LFM2 700M,advanced,q541,Cardinal Pole Roman Catholic School was named after the last Roman Catholic to hold what position?,1.0,1.0,1.0,1.0,1.0
LFM2 700M,advanced,q542,"What job did Jörgen Smit work, where he was working in the world center for the anthroposophical movement?",1.0,1.0,1.0,0.5,0.6131471927654584
LFM2 700M,advanced,q543,The Dogwoman telemovies were created by an actress born in what year?,1.0,1.0,1.0,0.5,0.6131471927654584
LFM2 700M,advanced,q544,Southeastern Illinois College offers an undergraduate academic degree considered to be greater level of education than what?,1.0,1.0,1.0,1.0,0.9197207891481876
LFM2 700M,advanced,q545,The American Sweetgum is the hostplant of what kind of bug?,1.0,1.0,1.0,0.5,0.6131471927654584
LFM2 700M,advanced,q546,The first book in the Sprawl Trilogy won what three awards?,1.0,1.0,1.0,1.0,1.0
LFM2 700M,advanced,q547,What drug is among the list of illegal drugs in the Philippines and can be taken by mouth or by injection?,1.0,1.0,1.0,1.0,0.9197207891481876
LFM2 700M,advanced,q548,"The telenova ""El Ardiente Secreto"" was based ona novel published under what pen name?",1.0,1.0,1.0,0.5,0.6131471927654584
LFM2 700M,advanced,q549,In the 2012-13 FC Sion they brought in Gennaro Gattuso and a player who now plays for what Scottish team?,1.0,1.0,1.0,0.5,0.6131471927654584
LFM2 700M,advanced,q550,"WAVN is a Gospel formatted broadcast radio station tied to which city in DeSoto County, Mississippi?",1.0,1.0,1.0,1.0,0.9197207891481876
LFM2 700M,advanced,q551,"The Azad Hind Dal was created by an Indian nationalist whose defiant patriotism made him a hero in India, but whose attempt to rid India of British rule during what war left a troubled legacy?",1.0,1.0,1.0,1.0,0.9197207891481876
LFM2 700M,advanced,q552,"What English stand-up comedian has a style of comedy full of ""stream-of-conscious banter""?",1.0,1.0,1.0,0.5,0.6131471927654584
LFM2 700M,advanced,q553,Are both Jim McBride and Neil Jordan American?,1.0,1.0,1.0,1.0,1.0
LFM2 700M,advanced,q554,What was the highest ranking in the United States for a single written by an English multi-instrumentalist?,0.0,0.0,0.0,0.0,0.0
LFM2 700M,advanced,q555,Woman's Era and Naj are what kind of magazines?,1.0,1.0,1.0,1.0,1.0
LFM2 700M,advanced,q556,Name a musician that worked with Hiren Roy and Vilayat Khan.,1.0,1.0,1.0,1.0,1.0
LFM2 700M,advanced,q557,Are the flowering plants Ecballium and Elatostema in the same family?,1.0,1.0,1.0,1.0,1.0
LFM2 700M,advanced,q558,Are Ganzhou and Jimo District both located in China?,1.0,1.0,1.0,1.0,0.9197207891481876
LFM2 700M,advanced,q559,"Which has more species, Aichryson or Polypodium?",1.0,1.0,1.0,1.0,1.0
LFM2 700M,advanced,q560,"Who is the psychologist who wrote about the disciple of the person known as the ""Wild Woman of Buttle""?",1.0,1.0,1.0,0.5,0.6131471927654584
LFM2 700M,advanced,q561,The Adoption and Safe Families Act and the Adoption 2002 Initiative were both instituted under which administration?,1.0,1.0,1.0,1.0,1.0
LFM2 700M,advanced,q562,"Which band formed in England, Of Montreal or Vib Gyor?",1.0,1.0,1.0,0.5,0.6131471927654584
LFM2 700M,advanced,q563,"Gualdo Tadino Cathedral, a Roman Catholic cathedral, was dedicated to Saint Bendict of Nursia who is a patron saint of what continent?",1.0,1.0,1.0,1.0,1.0
LFM2 700M,advanced,q564,Where was the coach of the 1999 Oklahoma State Cowboys football team hired in 2013?,1.0,1.0,1.0,0.5,0.6131471927654584
LFM2 700M,advanced,q565,Who is the author of the 1993 production Madge Ryan participated in?,1.0,1.0,1.0,0.5,0.6131471927654584
LFM2 700M,advanced,q566,What are both James Hetfield and Bob Marley?,1.0,1.0,1.0,1.0,1.0
LFM2 700M,advanced,q567,On what date will the comedy film directed by Kevin Tent and starring the Bulgarian-Canadian actress known for portraying the role of Mia Jones be released on video on demand services?,1.0,1.0,1.0,0.5,0.6131471927654584
LFM2 700M,advanced,q568,Which company owns the hotel on whose premises the Cotal Arena is located ?,1.0,1.0,1.0,0.5,0.6131471927654584
LFM2 700M,advanced,q569,Rex Riot is known for a remix of the Kanye West song that was from which album?,1.0,1.0,1.0,0.5,0.6131471927654584
LFM2 700M,advanced,q570,"The Company They Keep is a book written by Diana Pavlac Glyer, who is a professor at a university in Azusa, California, that was founded in 1899, and is under the auspices of what religion?",1.0,1.0,1.0,1.0,1.0
LFM2 700M,advanced,q571,What city and nation was the location of the 2015 Pacific Games where the Kiribati national basketball team finished with a 0-4 record?,0.5,0.0,1.0,0.5,0.38685280723454163
LFM2 700M,advanced,q572,What was the release date and price for the release of Mac OS X that has the software for creating WWF files?,1.0,1.0,1.0,1.0,0.9197207891481876
LFM2 700M,advanced,q573,"Which author influenced the animated Easter television special ""The First Easter Rabbit""?",1.0,1.0,1.0,0.5,0.6131471927654584
LFM2 700M,advanced,q574,Ms. Knope Goes to Washington is the fifth season premiere of an American political comedy television sitcom starring Amy Poehler as who?,1.0,1.0,1.0,0.5,0.6131471927654584
LFM2 700M,advanced,q575,Lorenzo Monaco was influenced by which Italian painter and architect?,1.0,1.0,1.0,0.5,0.6131471927654584
LFM2 700M,advanced,q576,"The 2011 La Manga Cup was won by Viking, who beat which Norwegian football club from the town of Kristiansand, currently playing in Tippeligaen having been promoted from Adeccoligaen in 2012?",1.0,1.0,1.0,1.0,1.0
LFM2 700M,advanced,q577,"When did the tour begin for the album Taylor Swift released on October 22, 2012?",1.0,1.0,1.0,0.5,0.6131471927654584
LFM2 700M,advanced,q578,At which university did the notable psychoanalyst associated with the University of Chicago serve most of his career as a professor of psychiatry?,1.0,1.0,1.0,1.0,1.0
LFM2 700M,advanced,q579,"Chicagoland Sports Hall of Fame was founded by the company located in what Washington town, near the state capital?",1.0,1.0,1.0,0.5,0.6131471927654584
LFM2 700M,advanced,q580,"The album ""The Best of LeAnn Rimes"" contained a song used as the theme song for a film. What is the name of the film?",0.3333333333333333,0.0,1.0,0.5,0.3065735963827292
LFM2 700M,advanced,q581,My Secret Hotel is a television series starring a South Korean DJ who rose to fame as the lead actress in what?,1.0,1.0,1.0,0.5,0.6131471927654584
LFM2 700M,advanced,q582,Where was the author of Thoughts of Machiavelli born?,1.0,1.0,1.0,0.5,0.6131471927654584
LFM2 700M,advanced,q583,The was the album with the song  Unbelievable by American rapper The Notorious B.I.G released?,1.0,1.0,1.0,0.5,0.6131471927654584
LFM2 700M,advanced,q584,Which NCAA record does the quarterback of the Minnesota Vikings hold?,0.0,0.0,0.0,0.0,0.0
LFM2 700M,advanced,q585,"Which king of Northumbria did The ""Historia"" gives the abbot central place in his election as king",1.0,1.0,1.0,0.5,0.6131471927654584
LFM2 700M,advanced,q586,What foundation do scholars give for the likelihood of collaboration on a William Shakespeare Play written between 1588 and 1593?,0.5,0.0,1.0,1.0,0.6934264036172708
LFM2 700M,advanced,q587,"Fantasy Records is know for recordings of comedian Lenny Bruce, Creedence Clearwater Revival, and what American jazz pianist who composed the music for the animated television adaptations of the ""Peanuts"" comic strip?",1.0,1.0,1.0,1.0,1.0
LFM2 700M,advanced,q588,When was the date of birth of one of the founder of Congo Reform Association?,1.0,1.0,1.0,0.5,0.6131471927654584
LFM2 700M,advanced,q589,Which country borders the Central African Republic and is south of Libya and east of Niger?,1.0,1.0,1.0,1.0,0.9197207891481876
LFM2 700M,advanced,q590,Which piece did Ludwig van Beethoven publish in 1801 that was dedicated to Count Moritz von Fries?,1.0,1.0,1.0,0.5,0.6131471927654584
LFM2 700M,advanced,q591,"The American restaurant chain, the Original House of Pies, is also responsible for an American chain of fruit drink beverage stores with an eponymous beverage consisting of what?",1.0,1.0,1.0,0.5,0.6131471927654584
LFM2 700M,advanced,q592,Red Mountain is a film that centers on an attempt by a group of what group of Civil War rangers?,1.0,1.0,1.0,0.5,0.6131471927654584
LFM2 700M,advanced,q593,"In what year did the actor who starred in the TV Land original series ""The Soul Man"" host the Black Movie Awards?",0.5,0.0,1.0,0.5,0.38685280723454163
LFM2 700M,advanced,q594,"Which band has released the most studio albums, Blonde Redhead or Rob Zombie's band White Zombie?",1.0,1.0,1.0,1.0,1.0
LFM2 700M,advanced,q595,What type of engine powered both the Saab 36 and the Avro Vulcan?,1.0,1.0,1.0,1.0,1.0
LFM2 700M,advanced,q596,"Who was born first, Krzysztof Zanussi or Thom Andersen?",1.0,1.0,1.0,1.0,1.0
LFM2 700M,advanced,q597,Where was the movement that August Brancart published literature from centerd?,1.0,1.0,1.0,0.5,0.6131471927654584
LFM2 700M,advanced,q598,Caste starred what English character actress who was nominated for an Academ Award for her performance in Room at the Top?,0.0,0.0,0.0,0.0,0.0
LFM2 700M,advanced,q599,What movie is the the Spinning turtle attraction in the worlds 21st largest theme park based off of?,1.0,1.0,1.0,0.5,0.6131471927654584
LFM2 700M,advanced,q600,"When was the American actor, film director which  Dana Brunetti is the president of his company born",1.0,1.0,1.0,0.5,0.6131471927654584
